문제번호,문제,보기,선택지1,선택지2,선택지3,선택지4,선택지5,정답,해설,용어,용어ID,일련번호
1,병원통계의 목적이 잘 설명된 것은?,,진료평가 활동의 기준 지침이 됨,외부기관의 요구에 방어하기 위한 자료임,병원의 혁신과 인력 수급을 위한 기준 지표임,의학연구 및 효율적 병원운영에 필요한 자료를 제공함,사용된 용어의 정확한 정의를 내리기 위한 자료를 제공함,4,"• 효율적인 병원 운영에 필요한 자료를 즉시 제공
• 의학연구에 필요한 자료를 제공: 수술통계, 질병별 통계, 각종 사망률 등에 자료가 의학연구에 필요한 자료로 산출
• 외부기관에 보고해야 할 통계를 제공: 병원표준화심사, 수련병원실태조사, 의료기관 서비스평가
• 진료평가 활동에 참고자료로 사용: 적정진료보장, 의료이용도 조사",의료기관,108,2
2,2025년 4월 24일에 입원하여 다음 달인 5월 15일에 퇴원한 환자의 재원일수는?,,20일,21일,22일,23일,24일,2,4월의 재원일수 + 5월의 재원일수 = (30-24) + 15 = 21일,재원일수,213,60
3,"통계에서 교육수준, 보험 종류 등 기본적으로 숫자로 표시할 수 없는 자료를 뜻하는 용어는?",,모수,표본,모집단,질적자료,양적자료,4,"• 질적자료: 범주형 자료(categorical data), 숫자로 표시할 수 없는 자료 (교육수준, 보험 종류 등)",질적자료,246,124
4,"신생아의 키, 몸무게, 아프가점수를 환자별로 숫자로 표현한 자료 등을 뜻하는 용어는?",,모수,표본,모집단,질적자료,양적자료,5,"자료 자체가 숫자로 표현되어 있는 질적자료와는 달리 자료의 속성을 그대로 반영하는 숫자로 표현하는 자료 (환자의 키, 몸무게, 나이, 혈압 등)",양적자료,247,125
5,다음 사례에서 신장내과의 2025년 4월 평균재원일수는?,"<신장내과 2025년 4월>
• 4월 퇴원환자 수: 650명
• 총 재원일수: 10,400일",9일,9.5일,10일,11일,16일,5,"평균재원일수: 기간 중 퇴원한 환자들이 평균 며칠씩 재원하였는가를 알 수 있음= 기간 중 퇴원환자의 총 재원일수 / 기간 중 총 퇴원환자 수= 10,400 / 650 = 16일",평균재원일수,18,62
6,다음 설명에 맞는 것은?,"• 성별: 남자(1), 여자(0)로 표시
• 혈액형: A형(1), B형(2), O형(3), AB형(4)로 표시
• 측정대상의 특성을 명칭으로 구별",명목척도,간격척도,비율척도,서열척도,비교척도,1,"측정척도의 종류: 명목척도, 간격척도, 비율척도, 서열척도
• 명목척도(nominal scale): 측정대상의 특성을 명칭으로 구별하는 척도","명목(범주, 유목)척도",263,90
7,사례와 같이 환자의 만족도를 알아보는 측정척도는?,"입원기간 중 우리병원에서 받은 의료서비스에 대하여 어느 정도 만족하십니까?
① 매우 불만이다.
② 불만이다.
③ 보통이다.
④ 만족한다.
⑤ 매우 만족한다.",명목척도,간격척도,비율척도,서열척도,비교척도,4,"서열척도(ordinal scale): 측정대상의 특성을 상대적 크기에 따라 순서로서 구분할 수 있는 척도, 측정대상 간 서열관계가 있음",순위(서열)척도,266,91
8,다음 설명과 관련된 통계 용어는?,"• 관심의 대상이 되는 모든 환자의 관측값이나 측정값의 집합
• 조사하고자 하는 내용이 정의되어 있는 조사단위의 전체",변수,표본,오차,모수,모집단,5,모집단(population): 관심의 대상이 되는 모든 환자의 관측값이나 측정값의 집합으로 조사하고자 하는 내용이 정의되어 있는 조사단위의 전체를 의미함,모집단,252,126
9,다음 제시한 예와 같은 변수는?,"혈압(BP), Total bilirubin, Age, Body Wt., Ht",모변수,이산변수,양적변수,유한변수,질적변수,3,"변수의 분류
• 질적변수: 질적자료 값을 가지는 변수(성별)
• 양적변수: 키, 몸무게, 나이와 같은 양적자료 값을 가지는 변수",양적변수,250,125
10,다음 설명과 관련 있는 것은?,"• 통계적 처리를 위하여 모집단에서 실제로 추출한 관측값이나 측정값의 집합
• 모집단에서 추출된 일부의 집단",변수,표본,오차,평균,모집단,2,표본(sample): 모집단에서 추출된 일부의 집단 또는 모집단에서 실제로 추출한 관측값이나 측정값의 집합,표본,253,127
11,모수(parameter)를 가장 잘 정의한 것은?,,모집단에서 산출되는 특성값,모집단에서 추출된 일부의 집단,측정하여 숫자로 표현되는 변수,표본에서 계산되는 기술적인 특성값,한 가지 이상의 자료값을 가질 수 있는 것,1,모수(parameter)는 모집단에서 산출되는 특성값입니다. 표본에서 계산되는 특성값은 '통계량'이라고 합니다.  ,모수,255,129
12,비표본오차를 줄일 수 있는 최우선 순위는?,,조사 후 훈련,조사시작과 종료시간의 선정,조사방법과 조사시간의 선정,조사자 인건비와 조사 후 교육,조사자 선정과 조사를 위한 선행교육,5,비표본오차를 줄이기 위한 최우선 순위는 조사자 선정과 조사를 위한 선행교육 및 훈련입니다.  ,비표본오차,262,89
13,다음 설명의( )에 맞는 내용은?,표본오차에 영향을 미치는 가장 큰 요인은 ( )이다.,표본의 기준 내용,표본의 구조와 접근도,표본 자료의 지정추출법,표본 자료를 통한 추론 정도,표본의 정확성과 표본의 크기,5,표본오차에 영향을 미치는 최대 요인은 표본의 정확성과 표본의 크기입니다.  ,표본,253,127
14,이산변수로 옳은 것은?,,체중,혈압,맥박,비용,환자 수,5,"이산변수는 환자 수와 같이 정수 단위(셀 수 있는 단위)로 나누어 측정할 수 있는 변수입니다. 체중, 혈압, 맥박, 비용 등은 연속성을 가진 연속변수입니다.  ",이산변수,242,
15,전체 인구 중에서 병에 걸린 사람 수의 비율(rate)은?,,위험률(risk rate),발병률(attack rate),사망률(mortality rate),발생률(incidence rate),유병률(prevalence rate),5,유병률은 어느 기간에서의 인구 수에 대한 환자 수의 비율을 의미합니다.  ,유병률,96,43
16,코호트 연구의 장점으로 옳은 것은?,"A. 실제 상대위험도를 알 수 있다.
B. 장기간 추적하므로 드문 질병에 알맞다.
C. 회상이나 기억 편견을 줄일 수 있다.
D. 비용이 저렴하다.","A, B, C","A, C","B, D",D,"A, B, C, D",2,"코호트 연구는 특정 요인에 노출된 집단과 노출되지 않은 집단을 전향적으로 추적하는 연구로, 실제 상대위험도를 알 수 있고 회상/기억 편견을 줄일 수 있습니다(A, C). 다만, 오랜 기간 대규모 대상자를 추적하므로 비용과 시간이 많이 들고 드문 질병에는 부적합합니다.  ",상대위험도(비교위험도),103,134
17,다음 설명과 관련 있는 일반적 지표는?,"• 주어진 자료를 대표하는 특정값
• 자료의 중심적인 경향이나 자료 분포의 중심의 위치를 나타냄
• 관찰값의 중심적 경향을 나타내는 척도
• 어떤 집단의 특성을 하나의 숫자로 표현하여 그 집단의 특징을 나타낼 수 있는 숫자","분산, 평균","최빈값, 평균","평균, 표준편차","분산, 표준편차","표준편차, 최빈값",2,"제시된 설명은 자료 분포의 중심 위치를 나타내는 대푯값(중심 경향)에 대한 설명으로, 대표적인 대푯값 지표에는 평균, 중앙값, 최빈값 등이 있습니다. 선택지 중 대푯값으로만 묶인 것은 '최빈값, 평균'입니다.  ",최빈값,294,98
18,내분비내과 병동 환자의 4월 재원일 수를 나타냈을 때 다음과 같이 최소 14일에서 최대 26일의 분포를 보였다. 이때 자료값 19는?,"14, 16, 17, 19, 22, 23, 26",평균,범위,최빈수,중앙값,표준편차,4,"코호트 연구는 특정 요인에 노출된 집단과 노출되지 않은 집단을 전향적으로 추적하는 연구로, 실제 상대위험도를 알 수 있고 회상/기억 편견을 줄일 수 있습니다(A, C). 다만, 오랜 기간 대규모 대상자를 추적하므로 비용과 시간이 많이 들고 드문 질병에는 부적합합니다.  ",중앙값(중위수),292,97
19,다음 설명하는 자료값은?,"• 자료 중에서 가장 많이 나타나는 빈도수가 가장 많은 값
• 한 줄로 나열한 자료인 경우 가장 많이 나타나는 값
• 도수분포곡선에서는 최고봉에 해당하는 자료의 값
• 이 자료값은 없을 수도 있음",평균,범위,최빈수,중앙값,표준편차,3,자료 중 빈도수가 가장 높게 나타나는 자료값을 최빈값 또는 최빈수라고 합니다.  ,최빈수,294,98
20,자료가 짝수 개일 경우 중앙에 위치한 두 개의 값에서 중앙값을 선정하는 방식은?,,두 값의 평균,먼저 나열된 값,뒤에 나열된 값,둘 다 중앙값으로 선정,둘 중 무작위로 하나를 선정,1,"관찰 자료의 개수가 짝수 개이면 중앙에 위치한 값이 두 개가 되므로, 이 두 값의 평균을 중앙값으로 선정합니다.  ",중앙값(중위수),292,97
21,다음과 같이 두 개 숫자의 상대적 크기를 비교한 것을 뜻하는 용어는?,"• 남성(46%): 여성(54%)
• 입원(77.2%): 외래(22.8%)",비(ratio),비율(rate),분율(proportion),백분율(percentage),퍼센트포인트(percentage point),1,"분자와 분모가 서로 독립적인 관계로 서로 다른 범주일 때, 두 개 숫자의 상대적 크기를 비교하여 나타낸 것을 비(ratio)라고 합니다.  ",,,
22,병상회전율(bed turnover rate) 계산에서 필요한 것은?,,총 수술건수,총 재원일수,총 퇴원환자 수,재원환자 연인원수,일일평균 재원환자 수,3,직접산정 방식에 따른 병상회전율은 '기간 중 총 퇴원환자 수(사망 포함) / 기간 중 사용했던 평균 병상'으로 계산하므로 총 퇴원환자 수가 필요합니다.  ,병상회전율(회),23,65
23,"병상가동률 계산 시, 가동 병상에 포함되는 것은?",,회복실,분만실,응급실,중환자실,물리치료실,4,"중환자실(ICU, CCU, NICU), 격리병상 등 입원환자 전용 병상은 가동병상에 포함됩니다. 회복실, 분만실, 수술실, 응급실 등은 일시적 사용을 위한 병상이므로 제외됩니다.  ",가동병상,590,64
24,"병상가동률 계산 시, 제외되는 병상은?",,관찰병동,신생아실,격리병상,인공투석실,신경계 중환자실,4,"인공투석실, 주실실, 검실실, 응급실, 외래환자용 병상 등은 병상이용률(가동률) 계산 시 제외되는 대표적인 병상입니다.  ",가동병상,590,64
25,다음 사례에서 1월의 병상이용률은?,"<B병원 2025년 1월>
• 가동병상 수: 540병상
• 재원환자의 연인원수: 15,000명",27%,36%,52%,89%,92%,4,"병상이용률 = {기간 중 재원환자 연인원수 / (이용 가능한 총 병상 수 × 기간 중 일수)} × 100이므로, {15,000 / (540 × 31일)} × 100 = 89.6%로 약 89%입니다.  ",병상가동률(병상이용률),19,64
26,2025년 4월 내과 입원환자 38명 중 3명이 정신과로 전과하였다. 2025년 4월의 내과의 전과율은?,,4.40%,7.30%,7.90%,8.50%,9.50%,3,"전과율 = (전과 환자 수 / 해당 과 입원환자 수) × 100이므로, (3 / 38) × 100 = 7.89%로 약 7.9%입니다.  ",전과율(환자수),11,
27,다음 사례에서 2025년 4월 2일의 일일 재원환자수는?,"• 2025년 4월 1일 재원환자 수 (성인과 소아: 400명, 신생아: 40명)
• 2025년 4월 2일 현황 (입원환자 수: 20명, 출생아 수: 5명, 퇴원환자 수(사망 2명 포함): 15명, 당일 입퇴원환자 수: 2명)",443명,452명,460명,465명,482명,2,일일 재원환자 수 = 시점 재원환자 수 + 당일 입퇴원환자 수입니다. 시점 재원환자 수 = 전일 재원자(400+40) + 당일 입원자(20+5) - 당일 퇴원자(15) = 450명입니다. 여기에 당일 입퇴원환자 수(2명)를 더하면 450 + 2 = 452명입니다.  ,재원환자,218,56
28,다음 사례에서 2025년 3월 재입원율은?,"<2025년 3월 통계월보>
• 총 퇴원환자 수: 633명
• 신생아 퇴원환자 수: 13명
• 재입원환자 수: 250명",40%,40.20%,40.30%,41%,41.20%,3,"재입원율은 신생아를 제외하여 계산합니다. 재입원율 = {재입원환자 수 / (총 퇴원환자 수 - 신생아 퇴원 수)} × 100이므로, {250 / (633 - 13)} × 100 = (250 / 620) × 100 = 40.32%로 약 40.3%입니다.  ",재입원율,38,63
29,정형외과 전문병원의 2025년 5월 외래 통계 현황이다. 외래환자 1인당 평균 방문 횟수를 구하는 식은?,"<2025년 5월 외래환자 통계 월보>
• 외래진료일 수: 22일
• 외래 초진환자 수: 470명
• 외래 재진환자 수: 720명
• 외래환자 실인원 수: 980명
• 외래환자 연인원 수: 11,050명",980 / 22,980 / 470,"11,050 / 980","11,050 / 22","720 / 11,050",3,"외래환자 1인당 평균 방문 횟수 = 외래환자 연인원 수(총 내원 횟수) / 외래환자 실인원 수(실제 환자 수)이므로, 11,050 / 980 입니다.  ",외래환자 연인원수,124,73
30,다음 사례에서 2025년 1월의 신경외과의 협의건수율은?,"<2025년 1월 신경외과>
• 퇴원환자 수: 180명
• 협의진료 환자 수: 120명
• 협의진료 건수: 160건",86.80%,88.90%,89.50%,89.70%,89.80%,2,"협의건수율 = (협의진료 건수 / 퇴원환자 수) × 100이므로, (160 / 180) × 100 = 88.88%로 약 88.9%입니다.  ",협의진료,212,44
31,일정기간 연 외래환자 중 초진환자가 차지하는 비율은?,,초진입원율,평균 내원율,외래환자 초진율,외래환자 입원율,일일평균 외래환자 입원 수,3,외래환자 초진율은 일정기간 연 외래환자 중 초진환자가 차지하는 비율을 뜻합니다.  ,외래환자 초진율,62,67
32,간접모성사망에 해당하는 것은?,,분만 시 사망한 경우,유산 후 과다출혈로 사망한 경우,임신 중 교통사고로 사망한 경우,임신 중 폐결핵으로 사망한 경우,타 의료기관에서 출산 후 합병증으로 사망한 경우,4,"당뇨, 폐결핵 등 원래 가지고 있던 병이 임신으로 인해 악화되어 사망한 경우를 간접모성사망이라고 합니다.  ",간접모성사망(간접 산과적 사망),152,35
33,"2025년 3월 정형외과 외래환자 수가 1,800명이고 3월에 진료를 하지 않은 날 수는 4일이라면 2025년 3월의 평균 정형외과 외래환자 수는?",,56명,66명,67명,68명,69명,3,"3월의 전체 일수(31일)에서 진료를 하지 않은 날(4일)을 빼면 실제 진료일수는 27일입니다. 따라서 1,800명 / 27일 = 66.66명으로 반올림하여 67명입니다.  ",진료일수,615,66
34,이 환자의 퇴원과는?,"※ 다음 사례를 읽고 각 문항에 답하시오.
• 34세 여자환자, 2025년 1월 10일, 내과 입원
• 내과적 치료 중 결장의 종양이 발견되어 수술을 하기 위해 1월 23일에 일반외과로 전과
• 수술 후 2월 28일 합병증 없이 퇴원",내과,일반외과,"내과, 일반외과",재원기간이 긴과,재원기간이 짧은 과,2,퇴원과는 환자를 최종적으로 퇴원시킨 과(퇴원 지시를 받은 과)를 의미하므로 일반외과가 됩니다.  ,,,
35,이 환자의 재원일수는?,"※ 다음 사례를 읽고 각 문항에 답하시오.
• 34세 여자환자, 2025년 1월 10일, 내과 입원
• 내과적 치료 중 결장의 종양이 발견되어 수술을 하기 위해 1월 23일에 일반외과로 전과
• 수술 후 2월 28일 합병증 없이 퇴원",46일,47일,48일,49일,50일,4,"입원일과 퇴원일 중 하루만 포함하는 단입법을 적용합니다. 1월 재원일수는 31 - 10 = 21일이며 , 2월 재원일수는 28일이므로 총 재원일수는 21 + 28 = 49일입니다.  ",재원일수,213,60
36,일반외과 재원일수는?,"※ 다음 사례를 읽고 각 문항에 답하시오.
• 34세 여자환자, 2025년 1월 10일, 내과 입원
• 내과적 치료 중 결장의 종양이 발견되어 수술을 하기 위해 1월 23일에 일반외과로 전과
• 수술 후 2월 28일 합병증 없이 퇴원",34일,35일,36일,37일,38일,3,일반외과에서의 재원일수는 (31 - 23) + 28 = 36일입니다.  ,재원일수,213,60
37,D병원의 2024년 11월 중 평균 재원일수 계산식은?,"※ 다음은 D병원의 2024년 11월 통계월보이다. 아래 각 문항에 대하여 옳은 답을 고르시오(37~38).<D병원 2024년 11월 통계월보>
• 퇴원환자 수(사망 10명 포함): 900명
• 퇴원환자 총 재원일수: 11,000일
• 재원환자 연인원수: 12,000명
• 병상 수(분만실 10병상 포함): 110개","900 / 12,000","11,000 / 100","11,000 / 900","12,000 / 900","12,000 / 11,000",3,"평균 재원일수는 '총 재원일수 / 퇴원환자 수'로 계산하므로 11,000 / 900이 맞습니다.  ",평균재원일수,18,62
38,D병원의 2024년 11월 중 병상이용률 계산식은?,"※ 다음은 D병원의 2024년 11월 통계월보이다. 아래 각 문항에 대하여 옳은 답을 고르시오(37~38).<D병원 2024년 11월 통계월보>
• 퇴원환자 수(사망 10명 포함): 900명
• 퇴원환자 총 재원일수: 11,000일
• 재원환자 연인원수: 12,000명
• 병상 수(분만실 10병상 포함): 110개","9,000 / ((110+10)×30) × 100","11,000 / (110×30) × 100","11,000 / (100×30) × 100","12,000 / (100×30) × 100","12,000 / (110×30) × 100",4,"병상이용률은 '재원환자 연인원수 / (이용 가능한 병상 수 × 기간 중 날수) × 100'입니다. 분만실은 가동 병상에서 제외하므로 이용 가능 병상은 110 - 10 = 100개이며, 11월은 30일이므로 식은 12,000 / (100 × 30) × 100이 됩니다.  ",병상가동률(병상이용률),19,64
39,순사망률 산출식에서 분자는?,,퇴원자 - 사망자,사망자 - 24시간 이전 사망자,사망자 - 24시간 이후 사망자,사망자 - 48시간 이전 사망자,사망자 - 48시간 이후 사망자,4,순사망률 산출식의 분자는 '기간 중 총 사망자(신생아 포함) - 48시간 이전 사망자 수'입니다.  ,순사망률,44,46
40,다음 사례에서 순사망률을 구하는 계산식은?,"• 총 퇴원환자수 1,380명(사망 포함)
• 총 사망환자수 8명(48시간 이후 사망 3명 포함)
• 부검수 3명(1명은 법적문제로 이송)","8 / (1,380+5) × 100","(8-3) / (1,380-5) × 100","(8-3) / (1,380-3) × 100","(8-3) / 1,380 × 100","(8-5) / (1,380-5) × 100",5,"총 사망자 8명 중 48시간 이후 사망이 3명이므로, 48시간 이전 사망자는 8 - 3 = 5명입니다. 순사망률 공식에 대입하면 분자는 (8 - 5), 분모는 (1,380 - 5)가 되어 공식은 (8 - 5) / (1,380 - 5) × 100이 됩니다.  ",순사망률,44,46
41,진료환자통계연보의 보존기간은?,,2년,5년,10년,15년,영구보존,5,진료환자통계연보는 영구보존 대상 문서입니다.  ,,,
42,다음의 사례에서 2025년 4월의 병상이용률을 구하는 계산식이 옳은 것은?,"<2025년 4월 통계 월보>
• 병상수: 내과 160병상, 외과 110병상, 중환자실 25병상, 신장투석실 22병상, 격리병동 7병상, 분만실 8병상
• 퇴원환자 총 재원일수 10,150일
• 입원환자 실인원수 1,022명
• 재원환자 연인원수 8,188명","8,188 / ((160+110+25) × 30) × 100","10,150 / ((160+110-25) × 30) × 100","8,188 / ((160+110+25+7) × 30) × 100","10,150 / ((160+110+25-7) × 30) × 100","8,188 / ((160+110+25+22+7+8) × 30) × 100",3,"병상이용률 계산 시 신장투석실, 분만실 등 일시적 이용 병상은 제외하고 내과, 외과, 중환자실, 격리병동만 포함합니다. 4월은 30일이므로 공식은 8,188 / ((160 + 110 + 25 + 7) × 30) × 100이 됩니다.  ",병상가동률(병상이용률),19,64
43,K병원의 2024년도 통계 결과 순사망률 0.19%에 대한 해석으로 옳은 것은?,,사망으로 인한 퇴원환자가 전체 퇴원의 0.19%이다.,수술 후 사망한 퇴원환자가 전체 퇴원의 0.19%이다.,사산아를 포함한 모든 사망 퇴원환자가 전체 퇴원환자의 0.19%이다.,K병원 입원 후 48시간 이후 사망 퇴원환자가 전체 퇴원환자의 0.19%이다.,DOA와 사산아를 포함한 모든 사망 퇴원환자가 전체 퇴원환자의 0.19%이다.,4,"순사망률은 입원 후 48시간 이내 사망자를 제외하므로, 입원 후 48시간 이후 사망한 퇴원환자가 기준을 충족하는 전체 퇴원환자에서 차지하는 비율을 뜻합니다.  ",순사망률,44,46
44,E병원의 2024년 조사망률은?,"<E병원 2024년 연보 현황>
• 성인·소아용 병상: 620병상
• 신생아용 병상: 60병상

[총 퇴원환자 수 (사망 포함)]
• 성인·소아: 14,720명
• 신생아: 1,980명
• (총합: 16,700명)

[사망 환자 수 (명)]
• 48시간 이후 사망: 160명
• 48시간 이전 사망: 158명

[퇴원환자 총 재원일수 (일)]
• 성인·소아: 168,720일
• 신생아: 9,110일
• (총합: 177,830일)","158 / 14,720 × 100","158 / 16,700 × 100","1,008 / 14,720 × 100","(160+158) / 14,720 × 100","(160+158) / 16,700 × 100",5,"조사망률은 '기간 중 총 사망건수(신생아 포함) / 기간 중 총 퇴원환자수'로 계산하므로, 총 사망자수(160 + 158) / 총 퇴원환자수(167,00) × 100이 됩니다.  ",조사망률(보통사망률),46,77
45,E병원의 2024년 성인ㆍ소아의 평균 재원일수는?,"<E병원 2024년 연보 현황>
• 성인·소아용 병상: 620병상
• 신생아용 병상: 60병상

[총 퇴원환자 수 (사망 포함)]
• 성인·소아: 14,720명
• 신생아: 1,980명
• (총합: 16,700명)

[사망 환자 수 (명)]
• 48시간 이후 사망: 160명
• 48시간 이전 사망: 158명

[퇴원환자 총 재원일수 (일)]
• 성인·소아: 168,720일
• 신생아: 9,110일
• (총합: 177,830일)","9,110 / 1,080","16,700 / 168,720","168,720 / 14,720","16,700 / 14,720","177,830 / 14,720",3,"평균재원일수는 '총 재원일수 / 퇴원환자수'로 계산하므로, 성인·소아 자료를 대입하면 168,720 / 14,720이 됩니다.  ",평균재원일수,18,62
46,F병원의 2024년 7월의 사산율은?,"<F병원 2024년 7월 통계월보>
[산과 및 분만 현황]
• 미분만: 24명
• 분만: 157명
• 분만 후 입원: 7명
• 유산: 7명
• 사산아: 2명
• 신생아: 154명
• 제왕절개 수: 38건

[기타 환자 및 사망 현황]
• 부인과 환자: 58명
• 산모 사망: 1명",1.25%,1.27%,1.28%,1.29%,2.11%,3,"사산율 = {기간 중 사산아 수 / 기간 중 출생아 수(신생아 + 사산아)} × 100이므로, {2 / (154 + 2)} × 100 = 1.28%입니다.  ",사산율,53,49
47,F병원의 2024년 7월의 제왕절개율은?,"<F병원 2024년 7월 통계월보>
[산과 및 분만 현황]
• 미분만: 24명
• 분만: 157명
• 분만 후 입원: 7명
• 유산: 7명
• 사산아: 2명
• 신생아: 154명
• 제왕절개 수: 38건

[기타 환자 및 사망 현황]
• 부인과 환자: 58명
• 산모 사망: 1명",24.10%,24.20%,24.30%,24.50%,24.60%,2,"제왕절개율 = (제왕절개 수 / 총 분만 수) × 100이므로, (38 / 157) × 100 = 24.2%입니다.  ",제왕절개율,50,55
48,"G병원의 2024년 8월 성인, 소아의 일일 평균 재원환자 수는?","<G병원 2024년 8월 통계월보>
• 성인·소아용 병상: 300개
• 신생아용 병상: 30개

[성인 및 소아 현황]
• 재원 연인원수: 9,000명
• 퇴원환자 수: 450명
• 재원연일 수: 10,110일

[신생아 현황]
• 재원 연인원수: 915명
• 퇴원환자 수: 280명
• 재원연일 수: 980일",275,290,300,332,350,2,"일일 평균 재원환자 수 = 기간 중 재원환자 연인원수 / 기간 중 날수이므로, 8월(31일)을 적용하여 9,000 / 31 = 290.3명(약 290명)입니다.  ",일일 평균 재원환자수,7,59
49,G병원의 2024년 8월 신생아의 평균 재원일수는?,"<G병원 2024년 8월 통계월보>
• 성인·소아용 병상: 300개
• 신생아용 병상: 30개

[성인 및 소아 현황]
• 재원 연인원수: 9,000명
• 퇴원환자 수: 450명
• 재원연일 수: 10,110일

[신생아 현황]
• 재원 연인원수: 915명
• 퇴원환자 수: 280명
• 재원연일 수: 980일",3.2,3.5,3.6,3.7,3.9,2,"신생아 평균재원일수 = 총 재원일수 / 퇴원환자 수이므로, 980 / 280 = 3.5일입니다.  ",평균재원일수,18,62
50,H병원의 2025년 1월 순부검률은?,"<H병원 2025년 1월 통계 현황>
• 퇴원환자 수 (사망 20명 포함): 1,244명

[48시간 이후 현황 (명)]
• 사망: 14명
• 부검: 13명
• 검사를 위해 이송 (미부검): 1명",63.20%,65.00%,66.20%,67.50%,68.40%,5,"순부검률 = {기간 중 입원사망 중 부검수 / (기간 중 입원사망 총수 - 법적 문제로 이송된 미부검 수)} × 100이므로, {13 / (20 - 1)} × 100 = 68.4%입니다.  ",순부검률,55,51
51,H병원의 2025년 1월 조사망률은?,"<H병원 2025년 1월 통계 현황>
• 퇴원환자 수 (사망 20명 포함): 1,244명

[48시간 이후 현황 (명)]
• 사망: 14명
• 부검: 13명
• 검사를 위해 이송 (미부검): 1명",1.10%,1.60%,11.40%,15.10%,16.00%,2,"조사망률 = (기간 중 사망건수 / 기간 중 총 퇴원환자수) × 100이므로, (20 / 1,244) × 100 = 1.6%입니다.  ",조사망률(보통사망률),46,77
52,2024년 일일평균 재원환자 수는?,"<J종합병원 2024년 통계 현황>
• 기간: 2024년 (365일)
• 성인·소아용 병상: 650병상
• 신생아용 병상: 80병상

[총 퇴원환자 수 (사망 포함)]
• 성인·소아: 16,100명
• 신생아: 2,320명
• (총합: 18,420명)

[퇴원환자 총 재원일수 (일)]
• 성인·소아: 180,530일
• 신생아: 7,600일
• (총합: 188,130일)

[재원환자 연인원수 (명)]
• 성인·소아: 160,940명
• 신생아: 9,150명
• (총합: 170,090명)",438,440,466,491,493,2,"일일평균 재원환자 수는 특별히 신생아를 포함하라는 요구가 없으면 제외합니다. 따라서 (총 연인원 170,090 - 신생아 연인원 9,150) / 365일 = 160,940 / 365 = 440.9명(약 440명)입니다.  ",일일 평균 재원환자수,7,59
53,2024년 성인·소아 평균 재원일수는?,"<J종합병원 2024년 통계 현황>
• 기간: 2024년 (365일)
• 성인·소아용 병상: 650병상
• 신생아용 병상: 80병상

[총 퇴원환자 수 (사망 포함)]
• 성인·소아: 16,100명
• 신생아: 2,320명
• (총합: 18,420명)

[퇴원환자 총 재원일수 (일)]
• 성인·소아: 180,530일
• 신생아: 7,600일
• (총합: 188,130일)

[재원환자 연인원수 (명)]
• 성인·소아: 160,940명
• 신생아: 9,150명
• (총합: 170,090명)",10.3일,11.2일,11.4일,11.7일,12.1일,2,"성인·소아 평균 재원일수 = 기간 중 성인·소아 총 재원일수 / 기간 중 성인·소아 총 퇴원환자수 이므로, 180,530 / 16,100 = 11.2일입니다.  ",평균재원일수,18,62
54,2024년 신생아 병상이용률은?,"<J종합병원 2024년 통계 현황>
• 기간: 2024년 (365일)
• 성인·소아용 병상: 650병상
• 신생아용 병상: 80병상

[총 퇴원환자 수 (사망 포함)]
• 성인·소아: 16,100명
• 신생아: 2,320명
• (총합: 18,420명)

[퇴원환자 총 재원일수 (일)]
• 성인·소아: 180,530일
• 신생아: 7,600일
• (총합: 188,130일)

[재원환자 연인원수 (명)]
• 성인·소아: 160,940명
• 신생아: 9,150명
• (총합: 170,090명)",29.80%,30.20%,31.00%,31.30%,32.00%,4,"신생아 병상이용률 = {신생아 재원환자 연인원수 / (신생아 총 병상 수 × 기간 중 일수)} × 100이므로, {9,150 / (80 × 365)} × 100 = 31.3%입니다.  ",병상가동률(병상이용률),19,64
55,2025년 1월 일일평균 재원환자 수는?,"<K국제병원 2025년 1월 통계자료>
• 퇴원환자 수: 1,496명
• 그 달의 재원환자 연인원수: 9,248명
• 재원연일수: 8,504일
• 사망자 수: 38명
• 부검 수: 18명
• 분만환자 수: 318명
• 제왕절개분만환자 수: 12명",206.5,298.3,308,308.3,309,2,"일일평균 재원환자 수 = 재원환자 연인원수 / 기간 중의 날수 이므로, 9,248 / 31 = 298.3명입니다.  ",일일 평균 재원환자수,7,59
56,2025년 1월 제왕절개율은?,"<K국제병원 2025년 1월 통계자료>
• 퇴원환자 수: 1,496명
• 그 달의 재원환자 연인원수: 9,248명
• 재원연일수: 8,504일
• 사망자 수: 38명
• 부검 수: 18명
• 분만환자 수: 318명
• 제왕절개분만환자 수: 12명",3.70%,3.80%,3.90%,4.00%,4.10%,2,"제왕절개율 = (제왕절개 수 / 분만 총 수) × 100이므로, (12 / 318) × 100 = 3.77%로 반올림하여 3.8%입니다.  ",제왕절개율,50,55
57,B병원의 2025년 1월의 순사망률은?,"<B병원의 2025년 1월 사망 및 부검건수 통계자료>
• 총 퇴원환자 수: 1,450명

[사망 환자 현황]
• 총 사망자 수 (48시간 이후 사망자 수 포함): 25명
• 48시간 이후 사망자 수: 15명
• 48시간 이전 사망자 수: 10명

[부검 및 이송 현황]
• 부검자 수: 5명
• 법적문제로 인한 이송 사망자 수: 2명",0.60%,0.70%,1.00%,1.10%,1.70%,3,"순사망률 = {(총 사망자 수 - 48시간 이전 사망자 수) / (총 퇴원환자 수 - 48시간 이전 사망자 수)} × 100이므로, {(25 - 10) / (1,450 - 10)} × 100 = (15 / 1,440) × 100 = 1.0%입니다.  ",순사망률,44,46
58,B병원의 2025년 1월의 순부검률은?,"<B병원의 2025년 1월 사망 및 부검건수 통계자료>
• 총 퇴원환자 수: 1,450명

[사망 환자 현황]
• 총 사망자 수 (48시간 이후 사망자 수 포함): 25명
• 48시간 이후 사망자 수: 15명
• 48시간 이전 사망자 수: 10명

[부검 및 이송 현황]
• 부검자 수: 5명
• 법적문제로 인한 이송 사망자 수: 2명",20%,21%,22%,27%,28%,3,"순부검률 = {부검수 / (사망자 총수 - 법적 문제로 이송한 미부검수)} × 100이므로, {5 / (25 - 2)} × 100 = (5 / 23) × 100 = 21.7%로 약 22%입니다.  ",순부검률,55,51
59,B병원의 2025년 1월의 조사망률은?,"<B병원의 2025년 1월 사망 및 부검건수 통계자료>
• 총 퇴원환자 수: 1,450명

[사망 환자 현황]
• 총 사망자 수 (48시간 이후 사망자 수 포함): 25명
• 48시간 이후 사망자 수: 15명
• 48시간 이전 사망자 수: 10명

[부검 및 이송 현황]
• 부검자 수: 5명
• 법적문제로 인한 이송 사망자 수: 2명",0.60%,0.70%,1.00%,"1,1%",1.70%,5,"조사망률 = (기간 중 총 사망자 수 / 기간 중 총 퇴원환자 수) × 100이므로, (25 / 1,450) × 100 = 1.7%입니다.  ",조사망률(보통사망률),46,77
60,수술 후 사망률은?,"<M병원의 퇴원분석 중 수술 관련 조사결과>
• 총 수술환자 수: 600명
• 총 수술건수: 640건

[사망 및 감염 현황 (명)]
• 수술 후 12일째 사망 수: 4명
• 수술 후 9일째 사망 수: 5명
• 수술 후 감염건수: 3건",0.50%,0.60%,0.80%,1.00%,1.50%,3,"수술 후 사망이란 수술 후 10일 이내(수술일+9일)에 발생한 사망을 의미하므로 9일째 사망한 5명만 포함됩니다. 수술 후 사망률 = (수술 후 10일 이내 사망자 수 / 총 수술환자 수) × 100이므로, (5 / 600) × 100 = 0.83%로 약 0.8%입니다.  ",수술 후 사망률,47,47
61,수술 후 감염률은?,"<M병원의 퇴원분석 중 수술 관련 조사결과>
• 총 수술환자 수: 600명
• 총 수술건수: 640건

[사망 및 감염 현황 (명)]
• 수술 후 12일째 사망 수: 4명
• 수술 후 9일째 사망 수: 5명
• 수술 후 감염건수: 3건",0.40%,0.50%,0.60%,0.70%,0.80%,1,"수술 후 감염률 = (기간 중 수술 후 감염 수 / 기간 중 총 수술건수) × 100이므로, (3 / 640) × 100 = 0.46%입니다. 선택지 중 가장 가까운 값은 0.4%입니다.  ",수술 후 감염률,,54
62,P병원의 평균 재원일수는?,"<P병원 2025년도 5월 통계자료>
• 성인과 소아용 병상: 600개
• 신생아용 병상: 50개

[재원환자 연인원수 (명)]
• 성인과 소아: 11,200명
• 신생아: 982명

[총 퇴원환자 수 (명)]
• 성인과 소아: 2,460명
• 신생아: 275명

[총 재원일수 (일)]
• 성인과 소아: 15,263일
• 신생아: 994일",1.6일,3.6일,4.5일,5.9일,6.2일,4,"평균 재원일수 = 총 재원일수 / 퇴원환자 수이므로, (15,263 + 994) / (2,460 + 275) = 16,257 / 2,735 = 5.94일입니다.  ",평균재원일수,18,62
63,P병원 신생아의 평균 재원일수는?,"<P병원 2025년도 5월 통계자료>
• 성인과 소아용 병상: 600개
• 신생아용 병상: 50개

[재원환자 연인원수 (명)]
• 성인과 소아: 11,200명
• 신생아: 982명

[총 퇴원환자 수 (명)]
• 성인과 소아: 2,460명
• 신생아: 275명

[총 재원일수 (일)]
• 성인과 소아: 15,263일
• 신생아: 994일",0.3일,1일,3.5일,3.6일,3.7일,4,"신생아 평균 재원일수 = 신생아 총 재원일수 / 신생아 퇴원환자 수이므로, 994 / 275 = 3.61일입니다.  ",평균재원일수,18,62
64,P병원의 일일 평균 재원환자 수는?,"<P병원 2025년도 5월 통계자료>
• 성인과 소아용 병상: 600개
• 신생아용 병상: 50개

[재원환자 연인원수 (명)]
• 성인과 소아: 11,200명
• 신생아: 982명

[총 퇴원환자 수 (명)]
• 성인과 소아: 2,460명
• 신생아: 275명

[총 재원일수 (일)]
• 성인과 소아: 15,263일
• 신생아: 994일",79일,88일,361일,393일,524일,4,"일일 평균 재원환자 수 = 기간 중 재원환자 연인원수 / 기간 중 날수이므로, (11,200 + 982) / 31 = 12,182 / 31 = 392.9명(약 393명)입니다.  ",일일 평균 재원환자수,7,59
65,P병원의 성인과 소아의 병상이용률은?,"<P병원 2025년도 5월 통계자료>
• 성인과 소아용 병상: 600개
• 신생아용 병상: 50개

[재원환자 연인원수 (명)]
• 성인과 소아: 11,200명
• 신생아: 982명

[총 퇴원환자 수 (명)]
• 성인과 소아: 2,460명
• 신생아: 275명

[총 재원일수 (일)]
• 성인과 소아: 15,263일
• 신생아: 994일",14.70%,32.00%,60.20%,65.50%,82.10%,3,"성인·소아 병상이용률 = {성인·소아 연인원수 / (성인·소아 병상 수 × 기간 중 일수)} × 100이므로, {11,200 / (600 × 31)} × 100 = 60.21%입니다.  ",병상가동률(병상이용률),19,64
66,신생아의 병상이용률을 계산할 때 제외하는 것은?,,과숙아,조숙아,선천성 기형아,구급차에서 분만한 신생아,제왕절개 수술로 분만한 만기 신생아,4,구급차에서 분만하여 입원한 신생아는 소아청소년과 입원으로 분류하므로 신생아 통계에서 제외됩니다.  ,소아청소년과,221,10
67,퇴원환자의 통계 분석에서 소아청소년과 환자의 기준은?,,그 병원에서 분만한 아기,만 12세 이하의 모든 환자,만 14세 이하의 모든 환자,만 13세 이하의 소아청소년과 퇴원환자,만 18세 이하의 소아청소년과 퇴원환자,5,퇴원환자 통계 분석 시 소아청소년과의 기준은 만 18세 이하입니다.  ,소아청소년과,221,7
68,Q병원의 2024년 조부검률은?,"<Q병원 2024년도 연보 자료>
• 성인과 소아용 병상: 500개
• 신생아용 병상: 50개

[퇴원환자 및 사망 현황 (명)]
• 퇴원환자 - 성인 및 소아: 12,730명
• 퇴원환자 - 신생아: 1,841명
• 입원사망 - 성인 및 소아 (48시간 이내: 38명 / 48시간 이후: 289명)
• 입원사망 - 신생아 (48시간 이내: 30명 / 48시간 이후: 25명)
• 태아사망 - 중기: 4명
• 태아사망 - 만기: 11명

[부검 현황 (건)]
• 부검 수 - 성인 및 소아 (48시간 이내: 25건 / 48시간 이후: 260건)
• 부검 수 - 신생아 (48시간 이내: 23건 / 48시간 이후: 12건)
• 부검 수 - 태아사망 (중기: 3건 / 만기: 7건)
• 입원사망이 아닌 부검: 31건
• 검사관에게 이송되어 미부검: 14건",80.10%,82.30%,83.80%,86.30%,96.90%,3,"조부검률 = (부검 수 / 총 사망자 수) × 100이므로, (320 / 382) × 100 = 83.76%입니다.  ",조부검률,54,50
69,Q병원의 2024년 순부검률은?,"<Q병원 2024년도 연보 자료>
• 성인과 소아용 병상: 500개
• 신생아용 병상: 50개

[퇴원환자 및 사망 현황 (명)]
• 퇴원환자 - 성인 및 소아: 12,730명
• 퇴원환자 - 신생아: 1,841명
• 입원사망 - 성인 및 소아 (48시간 이내: 38명 / 48시간 이후: 289명)
• 입원사망 - 신생아 (48시간 이내: 30명 / 48시간 이후: 25명)
• 태아사망 - 중기: 4명
• 태아사망 - 만기: 11명

[부검 현황 (건)]
• 부검 수 - 성인 및 소아 (48시간 이내: 25건 / 48시간 이후: 260건)
• 부검 수 - 신생아 (48시간 이내: 23건 / 48시간 이후: 12건)
• 부검 수 - 태아사망 (중기: 3건 / 만기: 7건)
• 입원사망이 아닌 부검: 31건
• 검사관에게 이송되어 미부검: 14건",83.70%,84.30%,85.80%,86.90%,88.70%,4,"순부검률 = {부검 수 / (사망자 총수 - 법적문제로 이송한 미부검 수)} × 100이므로, {320 / (382 - 14)} × 100 = 86.95%입니다.  ",순부검률,55,51
70,Q병원의 2024년 병원부검률은?,"<Q병원 2024년도 연보 자료>
• 성인과 소아용 병상: 500개
• 신생아용 병상: 50개

[퇴원환자 및 사망 현황 (명)]
• 퇴원환자 - 성인 및 소아: 12,730명
• 퇴원환자 - 신생아: 1,841명
• 입원사망 - 성인 및 소아 (48시간 이내: 38명 / 48시간 이후: 289명)
• 입원사망 - 신생아 (48시간 이내: 30명 / 48시간 이후: 25명)
• 태아사망 - 중기: 4명
• 태아사망 - 만기: 11명

[부검 현황 (건)]
• 부검 수 - 성인 및 소아 (48시간 이내: 25건 / 48시간 이후: 260건)
• 부검 수 - 신생아 (48시간 이내: 23건 / 48시간 이후: 12건)
• 부검 수 - 태아사망 (중기: 3건 / 만기: 7건)
• 입원사망이 아닌 부검: 31건
• 검사관에게 이송되어 미부검: 14건",80.20%,86.50%,87.90%,88.10%,89.20%,3,"병원부검률 = {(입원사망 중 부검수 + 입원사망외 부검수) / (총사망자수 + 입원사망외 부검수 - 법적문제 이송 미부검수)} × 100이므로, {(320 + 31) / (382 + 31 - 14)} × 100 = (351 / 399) × 100 = 87.97%입니다.  ",병원부검률,56,52
71,Q병원의 2024년 조사망율은?,"<Q병원 2024년도 연보 자료>
• 성인과 소아용 병상: 500개
• 신생아용 병상: 50개

[퇴원환자 및 사망 현황 (명)]
• 퇴원환자 - 성인 및 소아: 12,730명
• 퇴원환자 - 신생아: 1,841명
• 입원사망 - 성인 및 소아 (48시간 이내: 38명 / 48시간 이후: 289명)
• 입원사망 - 신생아 (48시간 이내: 30명 / 48시간 이후: 25명)
• 태아사망 - 중기: 4명
• 태아사망 - 만기: 11명

[부검 현황 (건)]
• 부검 수 - 성인 및 소아 (48시간 이내: 25건 / 48시간 이후: 260건)
• 부검 수 - 신생아 (48시간 이내: 23건 / 48시간 이후: 12건)
• 부검 수 - 태아사망 (중기: 3건 / 만기: 7건)
• 입원사망이 아닌 부검: 31건
• 검사관에게 이송되어 미부검: 14건",1.00%,2.30%,2.60%,6.30%,6.90%,3,"조사망률 = {기간 중 사망건수(신생아 포함) / 기간 중 퇴원환자 총수(사망 및 신생아 포함)} × 100이므로, {382 / (12,730 + 1,841)} × 100 = 2.62%입니다.  ",조사망률(보통사망률),46,77
72,Q병원의 2024년 순사망율은?,"<Q병원 2024년도 연보 자료>
• 성인과 소아용 병상: 500개
• 신생아용 병상: 50개

[퇴원환자 및 사망 현황 (명)]
• 퇴원환자 - 성인 및 소아: 12,730명
• 퇴원환자 - 신생아: 1,841명
• 입원사망 - 성인 및 소아 (48시간 이내: 38명 / 48시간 이후: 289명)
• 입원사망 - 신생아 (48시간 이내: 30명 / 48시간 이후: 25명)
• 태아사망 - 중기: 4명
• 태아사망 - 만기: 11명

[부검 현황 (건)]
• 부검 수 - 성인 및 소아 (48시간 이내: 25건 / 48시간 이후: 260건)
• 부검 수 - 신생아 (48시간 이내: 23건 / 48시간 이후: 12건)
• 부검 수 - 태아사망 (중기: 3건 / 만기: 7건)
• 입원사망이 아닌 부검: 31건
• 검사관에게 이송되어 미부검: 14건",1.00%,1.90%,2.10%,2.30%,3.90%,3,"순사망률 = {48시간 이후 사망자수 / (총 퇴원환자수 - 48시간 이전 사망자수)} × 100이므로, {314 / ((12,730 + 1,841) - 68)} × 100 = (314 / 14,503) × 100 = 2.17%로 반올림하여 2.2%이나 정답지 기준 가장 가까운 소수점 버림인 2.1%입니다.  ",순사망률,44,46
73,R병원의 2024년 모성사망율은?,"<R병원 2024년도 연보 자료>
• 성인과 소아용 병상: 500개
• 신생아용 병상: 50개

[퇴원 및 진료 환자 현황 (명/건)]
• 퇴원환자 - 성인 및 소아: 14,120명
• 퇴원환자 - 신생아: 1,699명
• 퇴원환자 - 외과: 1,351명
• 산과 - 분만(출생아): 1,729명
• 산과 - 유산: 310명
• 산과 - 미분만(산전): 83명
• 산과 - 미분만(산후): 10명
• 수술환자 수: 1,119명 / 수술건수: 1,230건
• 수술 후 감염: 5건
• 제왕절개: 80건
• 타병원 분만: 3명

[사망 및 사산 현황 (명)]
• 사망 - 성인 및 소아 (48시간 이전: 31명 / 48시간 이후: 289명)
• 사망 - 신생아 (48시간 이전: 29명 / 48시간 이후: 23명)
• 수술 후 사망 (9일 이내: 10명 / 15일째: 3명)
• 산과 사망 (분만: 1명 / 유산: 1명)
• 사산아 수 (중기: 1명 / 만기: 1명)",0.10%,0.20%,0.30%,0.40%,0.50%,1,"모성사망률 = {기간 중 모성사망자 수 / 기간 중 총 산과 퇴원환자 수} × 100이므로, {2 / (1,729 + 310 + 83 + 10)} × 100 = 0.09%로 약 0.1%입니다.  ",모성사망률,1,33
74,R병원의 2024년 수술 후 감염률은?,"<R병원 2024년도 연보 자료>
• 성인과 소아용 병상: 500개
• 신생아용 병상: 50개

[퇴원 및 진료 환자 현황 (명/건)]
• 퇴원환자 - 성인 및 소아: 14,120명
• 퇴원환자 - 신생아: 1,699명
• 퇴원환자 - 외과: 1,351명
• 산과 - 분만(출생아): 1,729명
• 산과 - 유산: 310명
• 산과 - 미분만(산전): 83명
• 산과 - 미분만(산후): 10명
• 수술환자 수: 1,119명 / 수술건수: 1,230건
• 수술 후 감염: 5건
• 제왕절개: 80건
• 타병원 분만: 3명

[사망 및 사산 현황 (명)]
• 사망 - 성인 및 소아 (48시간 이전: 31명 / 48시간 이후: 289명)
• 사망 - 신생아 (48시간 이전: 29명 / 48시간 이후: 23명)
• 수술 후 사망 (9일 이내: 10명 / 15일째: 3명)
• 산과 사망 (분만: 1명 / 유산: 1명)
• 사산아 수 (중기: 1명 / 만기: 1명)",0.30%,0.40%,0.50%,0.60%,1.00%,2,"수술 후 감염률 = (기간 중 수술 후 감염 수 / 기간 중 총 수술건수) × 100이므로, (5 / 1,230) × 100 = 0.40%입니다.  ",수술 후 감염률,,54
75,R병원의 2024년 조사망률은?,"<R병원 2024년도 연보 자료>
• 성인과 소아용 병상: 500개
• 신생아용 병상: 50개

[퇴원 및 진료 환자 현황 (명/건)]
• 퇴원환자 - 성인 및 소아: 14,120명
• 퇴원환자 - 신생아: 1,699명
• 퇴원환자 - 외과: 1,351명
• 산과 - 분만(출생아): 1,729명
• 산과 - 유산: 310명
• 산과 - 미분만(산전): 83명
• 산과 - 미분만(산후): 10명
• 수술환자 수: 1,119명 / 수술건수: 1,230건
• 수술 후 감염: 5건
• 제왕절개: 80건
• 타병원 분만: 3명

[사망 및 사산 현황 (명)]
• 사망 - 성인 및 소아 (48시간 이전: 31명 / 48시간 이후: 289명)
• 사망 - 신생아 (48시간 이전: 29명 / 48시간 이후: 23명)
• 수술 후 사망 (9일 이내: 10명 / 15일째: 3명)
• 산과 사망 (분만: 1명 / 유산: 1명)
• 사산아 수 (중기: 1명 / 만기: 1명)",2.30%,2.50%,2.70%,3.00%,3.20%,1,"조사망률 = (총 사망자 수 / 총 퇴원환자 수) × 100이므로, {(31 + 289 + 29 + 23) / (14,120 + 1,699)} × 100 = (372 / 15,819) × 100 = 2.35%로 약 2.3%입니다.  ",조사망률(보통사망률),46,77
76,R병원의 2024년 순사망률은?,"<R병원 2024년도 연보 자료>
• 성인과 소아용 병상: 500개
• 신생아용 병상: 50개

[퇴원 및 진료 환자 현황 (명/건)]
• 퇴원환자 - 성인 및 소아: 14,120명
• 퇴원환자 - 신생아: 1,699명
• 퇴원환자 - 외과: 1,351명
• 산과 - 분만(출생아): 1,729명
• 산과 - 유산: 310명
• 산과 - 미분만(산전): 83명
• 산과 - 미분만(산후): 10명
• 수술환자 수: 1,119명 / 수술건수: 1,230건
• 수술 후 감염: 5건
• 제왕절개: 80건
• 타병원 분만: 3명

[사망 및 사산 현황 (명)]
• 사망 - 성인 및 소아 (48시간 이전: 31명 / 48시간 이후: 289명)
• 사망 - 신생아 (48시간 이전: 29명 / 48시간 이후: 23명)
• 수술 후 사망 (9일 이내: 10명 / 15일째: 3명)
• 산과 사망 (분만: 1명 / 유산: 1명)
• 사산아 수 (중기: 1명 / 만기: 1명)",1.80%,1.90%,2.10%,2.20%,2.30%,2,"순사망률 = {48시간 이후 사망자 수 / (총 퇴원환자 수 - 48시간 이전 사망자 수)} × 100이므로, {312 / (15,819 - 60)} × 100 = 1.98%로 약 1.9%입니다.  ",순사망률,44,46
77,R병원의 2024년 신생아사망률은?,"<R병원 2024년도 연보 자료>
• 성인과 소아용 병상: 500개
• 신생아용 병상: 50개

[퇴원 및 진료 환자 현황 (명/건)]
• 퇴원환자 - 성인 및 소아: 14,120명
• 퇴원환자 - 신생아: 1,699명
• 퇴원환자 - 외과: 1,351명
• 산과 - 분만(출생아): 1,729명
• 산과 - 유산: 310명
• 산과 - 미분만(산전): 83명
• 산과 - 미분만(산후): 10명
• 수술환자 수: 1,119명 / 수술건수: 1,230건
• 수술 후 감염: 5건
• 제왕절개: 80건
• 타병원 분만: 3명

[사망 및 사산 현황 (명)]
• 사망 - 성인 및 소아 (48시간 이전: 31명 / 48시간 이후: 289명)
• 사망 - 신생아 (48시간 이전: 29명 / 48시간 이후: 23명)
• 수술 후 사망 (9일 이내: 10명 / 15일째: 3명)
• 산과 사망 (분만: 1명 / 유산: 1명)
• 사산아 수 (중기: 1명 / 만기: 1명)",2.40%,2.70%,2.80%,3.00%,3.20%,4,"신생아사망률 = (기간 중 신생아 사망 수 / 기간 중 신생아 퇴원 수) × 100이므로, (52 / 1,699) × 100 = 3.06%로 약 3.0%입니다.  ",신생아사망률,3,38
78,R병원의 2024년 사산율은?,"<R병원 2024년도 연보 자료>
• 성인과 소아용 병상: 500개
• 신생아용 병상: 50개

[퇴원 및 진료 환자 현황 (명/건)]
• 퇴원환자 - 성인 및 소아: 14,120명
• 퇴원환자 - 신생아: 1,699명
• 퇴원환자 - 외과: 1,351명
• 산과 - 분만(출생아): 1,729명
• 산과 - 유산: 310명
• 산과 - 미분만(산전): 83명
• 산과 - 미분만(산후): 10명
• 수술환자 수: 1,119명 / 수술건수: 1,230건
• 수술 후 감염: 5건
• 제왕절개: 80건
• 타병원 분만: 3명

[사망 및 사산 현황 (명)]
• 사망 - 성인 및 소아 (48시간 이전: 31명 / 48시간 이후: 289명)
• 사망 - 신생아 (48시간 이전: 29명 / 48시간 이후: 23명)
• 수술 후 사망 (9일 이내: 10명 / 15일째: 3명)
• 산과 사망 (분만: 1명 / 유산: 1명)
• 사산아 수 (중기: 1명 / 만기: 1명)",0.10%,0.40%,0.50%,0.70%,0.90%,1,"사산율 = {기간 중 사산아 수 / 기간 중 출생아 수(신생아 + 사산아)} × 100이므로, {2 / (1,729 + 2)} × 100 = 0.11%로 약 0.1%입니다.  ",사산율,53,49
79,R병원의 2024년 수술 후 사망률은?,"<R병원 2024년도 연보 자료>
• 성인과 소아용 병상: 500개
• 신생아용 병상: 50개

[퇴원 및 진료 환자 현황 (명/건)]
• 퇴원환자 - 성인 및 소아: 14,120명
• 퇴원환자 - 신생아: 1,699명
• 퇴원환자 - 외과: 1,351명
• 산과 - 분만(출생아): 1,729명
• 산과 - 유산: 310명
• 산과 - 미분만(산전): 83명
• 산과 - 미분만(산후): 10명
• 수술환자 수: 1,119명 / 수술건수: 1,230건
• 수술 후 감염: 5건
• 제왕절개: 80건
• 타병원 분만: 3명

[사망 및 사산 현황 (명)]
• 사망 - 성인 및 소아 (48시간 이전: 31명 / 48시간 이후: 289명)
• 사망 - 신생아 (48시간 이전: 29명 / 48시간 이후: 23명)
• 수술 후 사망 (9일 이내: 10명 / 15일째: 3명)
• 산과 사망 (분만: 1명 / 유산: 1명)
• 사산아 수 (중기: 1명 / 만기: 1명)",0.50%,0.70%,0.80%,1.00%,1.30%,3,"수술 후 사망률 = (수술 후 10일 이내 사망자 수 / 수술환자 총수) × 100이므로, (10 / 1,119) × 100 = 0.89%로 선택지 중 가장 가까운 0.8%입니다.  ",수술 후 사망률,47,47
80,R병원의 2024년 제왕절개율은?,"<R병원 2024년도 연보 자료>
• 성인과 소아용 병상: 500개
• 신생아용 병상: 50개

[퇴원 및 진료 환자 현황 (명/건)]
• 퇴원환자 - 성인 및 소아: 14,120명
• 퇴원환자 - 신생아: 1,699명
• 퇴원환자 - 외과: 1,351명
• 산과 - 분만(출생아): 1,729명
• 산과 - 유산: 310명
• 산과 - 미분만(산전): 83명
• 산과 - 미분만(산후): 10명
• 수술환자 수: 1,119명 / 수술건수: 1,230건
• 수술 후 감염: 5건
• 제왕절개: 80건
• 타병원 분만: 3명

[사망 및 사산 현황 (명)]
• 사망 - 성인 및 소아 (48시간 이전: 31명 / 48시간 이후: 289명)
• 사망 - 신생아 (48시간 이전: 29명 / 48시간 이후: 23명)
• 수술 후 사망 (9일 이내: 10명 / 15일째: 3명)
• 산과 사망 (분만: 1명 / 유산: 1명)
• 사산아 수 (중기: 1명 / 만기: 1명)",3.40%,3.80%,4.60%,4.90%,5.30%,3,"제왕절개율 = (기간 중 제왕절개 수 / 기간 중 총 분만 수) × 100이므로, (80 / 1,729) × 100 = 4.62%로 약 4.6%입니다.  ",제왕절개율,50,55
81,S병원의 2024년 원내감염율은?,"<S병원 2024년도 연보 자료>
• 병상 규모: 700병상

[퇴원 및 진료 환자 현황 (명/건)]
• 총 퇴원환자 - 성인과 소아: 13,720명
• 총 퇴원환자 - 신생아: 1,603명
• 부인과 환자 수: 1,932명
• 출생아 수: 1,647명
• 분만 수: 1,645건
• 제왕절개 수: 52건
• 수술환자 수: 4,180명 / 수술건수: 4,578건
• 협의진단 환자 수: 2,158명

[사망 및 감염 현황 (명/건)]
• 수술 후 사망: 39명
• 수술 후 감염: 18건
• 원내감염자 수: 20명",0.13%,0.15%,0.16%,0.18%,1.00%,1,"원내감염률 = (기간 중 병원감염환자수 / 기간 중 퇴원환자수) × 100이므로, {20 / (13,720 + 1,603)} × 100 = 0.13%입니다.  ",,,
82,S병원의 2024년 협의진료율은?,"<S병원 2024년도 연보 자료>
• 병상 규모: 700병상

[퇴원 및 진료 환자 현황 (명/건)]
• 총 퇴원환자 - 성인과 소아: 13,720명
• 총 퇴원환자 - 신생아: 1,603명
• 부인과 환자 수: 1,932명
• 출생아 수: 1,647명
• 분만 수: 1,645건
• 제왕절개 수: 52건
• 수술환자 수: 4,180명 / 수술건수: 4,578건
• 협의진단 환자 수: 2,158명

[사망 및 감염 현황 (명/건)]
• 수술 후 사망: 39명
• 수술 후 감염: 18건
• 원내감염자 수: 20명",12.50%,13.60%,14.10%,15.50%,16.20%,3,"협의진료율 = (기간 중 협의진단환자수 / 기간 중 퇴원환자수) × 100이므로, {2,158 / (13,720 + 1,603)} × 100 = 14.08%로 약 14.1%입니다.  ",협의진료,212,44
83,S병원의 2024년 제왕절개율은?,"<S병원 2024년도 연보 자료>
• 병상 규모: 700병상

[퇴원 및 진료 환자 현황 (명/건)]
• 총 퇴원환자 - 성인과 소아: 13,720명
• 총 퇴원환자 - 신생아: 1,603명
• 부인과 환자 수: 1,932명
• 출생아 수: 1,647명
• 분만 수: 1,645건
• 제왕절개 수: 52건
• 수술환자 수: 4,180명 / 수술건수: 4,578건
• 협의진단 환자 수: 2,158명

[사망 및 감염 현황 (명/건)]
• 수술 후 사망: 39명
• 수술 후 감염: 18건
• 원내감염자 수: 20명",2.50%,3.20%,4.10%,5.50%,6.20%,2,"제왕절개율 = (제왕절개수 / 분만수) × 100이므로, (52 / 1,645) × 100 = 3.16%로 약 3.2%입니다.  ",제왕절개율,50,55
84,S병원의 2024년 수술 후 사망률은?,"<S병원 2024년도 연보 자료>
• 병상 규모: 700병상

[퇴원 및 진료 환자 현황 (명/건)]
• 총 퇴원환자 - 성인과 소아: 13,720명
• 총 퇴원환자 - 신생아: 1,603명
• 부인과 환자 수: 1,932명
• 출생아 수: 1,647명
• 분만 수: 1,645건
• 제왕절개 수: 52건
• 수술환자 수: 4,180명 / 수술건수: 4,578건
• 협의진단 환자 수: 2,158명

[사망 및 감염 현황 (명/건)]
• 수술 후 사망: 39명
• 수술 후 감염: 18건
• 원내감염자 수: 20명",0.50%,0.60%,0.80%,0.90%,1.20%,4,"수술 후 사망률 = (수술 후 사망 수 / 수술환자 수) × 100이므로, (39 / 4,180) × 100 = 0.93%로 약 0.9%입니다.  ",수술 후 사망률,47,47
85,S병원의 2024년 병상회전율은?,"<S병원 2024년도 연보 자료>
• 병상 규모: 700병상

[퇴원 및 진료 환자 현황 (명/건)]
• 총 퇴원환자 - 성인과 소아: 13,720명
• 총 퇴원환자 - 신생아: 1,603명
• 부인과 환자 수: 1,932명
• 출생아 수: 1,647명
• 분만 수: 1,645건
• 제왕절개 수: 52건
• 수술환자 수: 4,180명 / 수술건수: 4,578건
• 협의진단 환자 수: 2,158명

[사망 및 감염 현황 (명/건)]
• 수술 후 사망: 39명
• 수술 후 감염: 18건
• 원내감염자 수: 20명",19.6회,21.9회,23.1회,25.5회,26.2회,2,"병상회전율 = 퇴원환자 실인원수 / 병상수이므로, 15,323 / 700 = 21.89회로 약 21.9회입니다.  ",병상회전율(회),23,65
86,A병원의 2024년 조사망률은?,"<A병원 2024년도 연보 자료>
• 기간: 2024년 (365일)
• 성인·소아용 병상: 500개 (분만실 10병상 포함)
• 신생아용 병상: 50개

[퇴원 및 진료 환자 현황 (명)]
• 총 퇴원환자 - 성인과 소아: 13,500명
• 총 퇴원환자 - 신생아: 1,800명
• 산과 분화항목 - 미분만: 240명
• 산과 분화항목 - 분만: 1,600명
• 산과 분화항목 - 유산: 60명

[재원일수 및 연인원 현황 (일/명)]
• 퇴원환자 총 재원일수 - 성인과 소아: 154,710일
• 퇴원환자 총 재원일수 - 신생아: 7,119일
• 재원환자 연인원수 - 성인과 소아: 121,500명
• 재원환자 연인원수 - 신생아: 16,200명

[사망 현황 (명)]
• 48시간 이전 사망: 100명
• 48시간 이후 사망: 150명
• 모성사망: 10명",1.25%,1.36%,1.43%,1.63%,1.78%,4,"조사망률 = (총 사망자 수 / 총 퇴원환자 수) × 100이므로, {(100 + 150) / (13,500 + 1,800)} × 100 = (250 / 15,300) × 100 = 1.63%입니다.  ",조사망률(보통사망률),46,77
87,A병원의 2024년 순사망률은?,"<A병원 2024년도 연보 자료>
• 기간: 2024년 (365일)
• 성인·소아용 병상: 500개 (분만실 10병상 포함)
• 신생아용 병상: 50개

[퇴원 및 진료 환자 현황 (명)]
• 총 퇴원환자 - 성인과 소아: 13,500명
• 총 퇴원환자 - 신생아: 1,800명
• 산과 분화항목 - 미분만: 240명
• 산과 분화항목 - 분만: 1,600명
• 산과 분화항목 - 유산: 60명

[재원일수 및 연인원 현황 (일/명)]
• 퇴원환자 총 재원일수 - 성인과 소아: 154,710일
• 퇴원환자 총 재원일수 - 신생아: 7,119일
• 재원환자 연인원수 - 성인과 소아: 121,500명
• 재원환자 연인원수 - 신생아: 16,200명

[사망 현황 (명)]
• 48시간 이전 사망: 100명
• 48시간 이후 사망: 150명
• 모성사망: 10명",0.50%,0.60%,0.80%,1.00%,1.20%,4,"순사망률 = {48시간 이후 사망자 수 / (총 퇴원환자 수 - 48시간 이전 사망자 수)} × 100이므로, {150 / (15,300 - 100)} × 100 = (150 / 15,200) × 100 = 0.98%로 약 1.0%입니다.  ",순사망률,44,46
88,A병원의 2024년 병상이용률은?,"<A병원 2024년도 연보 자료>
• 기간: 2024년 (365일)
• 성인·소아용 병상: 500개 (분만실 10병상 포함)
• 신생아용 병상: 50개

[퇴원 및 진료 환자 현황 (명)]
• 총 퇴원환자 - 성인과 소아: 13,500명
• 총 퇴원환자 - 신생아: 1,800명
• 산과 분화항목 - 미분만: 240명
• 산과 분화항목 - 분만: 1,600명
• 산과 분화항목 - 유산: 60명

[재원일수 및 연인원 현황 (일/명)]
• 퇴원환자 총 재원일수 - 성인과 소아: 154,710일
• 퇴원환자 총 재원일수 - 신생아: 7,119일
• 재원환자 연인원수 - 성인과 소아: 121,500명
• 재원환자 연인원수 - 신생아: 16,200명

[사망 현황 (명)]
• 48시간 이전 사망: 100명
• 48시간 이후 사망: 150명
• 모성사망: 10명",59.70%,66.60%,69.90%,83.20%,88.80%,3,"병상이용률 = {재원환자 연인원수 총합 / (이용 가능 병상 수 × 365)} × 100입니다. 연인원 총합은 121,500 + 16,200 = 137,700명이며 가동 병상 수는 (500 + 50 - 10) = 540개이므로, {137,700 / (540 × 365)} × 100 = 69.86%로 약 69.9%입니다.  ",병상가동률(병상이용률),19,64
89,A병원의 2024년 모성사망률은?,"<A병원 2024년도 연보 자료>
• 기간: 2024년 (365일)
• 성인·소아용 병상: 500개 (분만실 10병상 포함)
• 신생아용 병상: 50개

[퇴원 및 진료 환자 현황 (명)]
• 총 퇴원환자 - 성인과 소아: 13,500명
• 총 퇴원환자 - 신생아: 1,800명
• 산과 분화항목 - 미분만: 240명
• 산과 분화항목 - 분만: 1,600명
• 산과 분화항목 - 유산: 60명

[재원일수 및 연인원 현황 (일/명)]
• 퇴원환자 총 재원일수 - 성인과 소아: 154,710일
• 퇴원환자 총 재원일수 - 신생아: 7,119일
• 재원환자 연인원수 - 성인과 소아: 121,500명
• 재원환자 연인원수 - 신생아: 16,200명

[사망 현황 (명)]
• 48시간 이전 사망: 100명
• 48시간 이후 사망: 150명
• 모성사망: 10명",0.34%,0.43%,0.52%,0.54%,0.55%,3,"모성사망률 = {모성사망자 수 / 산과 총 퇴원환자 수} × 100이므로, {10 / (240 + 1,600 + 60)} × 100 = (10 / 1,900) × 100 = 0.52%입니다.  ",모성사망률,1,33
90,A병원의 2024년 평균재원일수는?,"<A병원 2024년도 연보 자료>
• 기간: 2024년 (365일)
• 성인·소아용 병상: 500개 (분만실 10병상 포함)
• 신생아용 병상: 50개

[퇴원 및 진료 환자 현황 (명)]
• 총 퇴원환자 - 성인과 소아: 13,500명
• 총 퇴원환자 - 신생아: 1,800명
• 산과 분화항목 - 미분만: 240명
• 산과 분화항목 - 분만: 1,600명
• 산과 분화항목 - 유산: 60명

[재원일수 및 연인원 현황 (일/명)]
• 퇴원환자 총 재원일수 - 성인과 소아: 154,710일
• 퇴원환자 총 재원일수 - 신생아: 7,119일
• 재원환자 연인원수 - 성인과 소아: 121,500명
• 재원환자 연인원수 - 신생아: 16,200명

[사망 현황 (명)]
• 48시간 이전 사망: 100명
• 48시간 이후 사망: 150명
• 모성사망: 10명",10.1일,10.6일,11.2일,11.5일,11.6일,2,"평균재원일수 = 퇴원환자 총 재원일수 / 총 퇴원환자 수이므로, (154,710 + 7,119) / 15,300 = 161,829 / 15,300 = 10.57일로 약 10.6일입니다.  ",평균재원일수,18,62
91,D병원의 2024년수술 후 사망률은?,"<D병원 2024년도 연보 자료>
• 기간: 2024년 (365일)
• 성인과 소아용 병상: 500개 (분만실 10병상 포함)
• 신생아용 병상: 50개

[기초 입원 및 퇴원 현황 (명)]
• 입원환자 수: 1,987명
• 퇴원환자 수 (사망 포함): 2,112명

[수술 및 진료 현황 (명/건)]
• 수술환자 수: 1,109명
• 수술건수: 1,216건
• 수술 후 48시간 이내 사망: 3명
• 수술 후 10일 이내 사망: 10명
• 수술 후 30일 이내 사망: 5명

[사망 및 부검 현황 (명/건)]
• 총 사망환자 수: 63명
• 48시간 이전 사망환자: 18명
• 48시간 이후 사망환자: 45명
• 부검건수: 8건
• 법적문제로 사체이송 수: 2건
• 퇴원 후 사망환자 부검 수: 1건",0.61%,1.07%,1.17%,1.48%,1.62%,3,"수술 후 사망률 계산 시 '수술 후 10일 이내 발생한 사망자 수'를 포함하므로 3명과 10명을 더한 13명이 분자가 됩니다. 따라서 (13 / 1,109) × 100 = 1.17%입니다.  ",수술 후 사망률,47,47
92,D병원의 2024년 조사망률은?,"<D병원 2024년도 연보 자료>
• 기간: 2024년 (365일)
• 성인과 소아용 병상: 500개 (분만실 10병상 포함)
• 신생아용 병상: 50개

[기초 입원 및 퇴원 현황 (명)]
• 입원환자 수: 1,987명
• 퇴원환자 수 (사망 포함): 2,112명

[수술 및 진료 현황 (명/건)]
• 수술환자 수: 1,109명
• 수술건수: 1,216건
• 수술 후 48시간 이내 사망: 3명
• 수술 후 10일 이내 사망: 10명
• 수술 후 30일 이내 사망: 5명

[사망 및 부검 현황 (명/건)]
• 총 사망환자 수: 63명
• 48시간 이전 사망환자: 18명
• 48시간 이후 사망환자: 45명
• 부검건수: 8건
• 법적문제로 사체이송 수: 2건
• 퇴원 후 사망환자 부검 수: 1건",2%,3%,4%,5%,6%,2,"조사망률 = (사망환자 수 / 총 퇴원환자 수) × 100이므로, (63 / 2,112) × 100 = 2.98%로 약 3%입니다.  ",조사망률(보통사망률),46,77
93,D병원의 2024년 순사망률은?,"<D병원 2024년도 연보 자료>
• 기간: 2024년 (365일)
• 성인과 소아용 병상: 500개 (분만실 10병상 포함)
• 신생아용 병상: 50개

[기초 입원 및 퇴원 현황 (명)]
• 입원환자 수: 1,987명
• 퇴원환자 수 (사망 포함): 2,112명

[수술 및 진료 현황 (명/건)]
• 수술환자 수: 1,109명
• 수술건수: 1,216건
• 수술 후 48시간 이내 사망: 3명
• 수술 후 10일 이내 사망: 10명
• 수술 후 30일 이내 사망: 5명

[사망 및 부검 현황 (명/건)]
• 총 사망환자 수: 63명
• 48시간 이전 사망환자: 18명
• 48시간 이후 사망환자: 45명
• 부검건수: 8건
• 법적문제로 사체이송 수: 2건
• 퇴원 후 사망환자 부검 수: 1건",2.15%,2.29%,2.98%,3.10%,3.60%,1,"순사망률 = {48시간 이후 사망자 수 / (총 퇴원환자 수 - 48시간 이전 사망자 수)} × 100이므로, {45 / (2,112 - 18)} × 100 = 2.15%입니다.  ",순사망률,44,46
94,D병원의 2024년 조부검률은?,"<D병원 2024년도 연보 자료>
• 기간: 2024년 (365일)
• 성인과 소아용 병상: 500개 (분만실 10병상 포함)
• 신생아용 병상: 50개

[기초 입원 및 퇴원 현황 (명)]
• 입원환자 수: 1,987명
• 퇴원환자 수 (사망 포함): 2,112명

[수술 및 진료 현황 (명/건)]
• 수술환자 수: 1,109명
• 수술건수: 1,216건
• 수술 후 48시간 이내 사망: 3명
• 수술 후 10일 이내 사망: 10명
• 수술 후 30일 이내 사망: 5명

[사망 및 부검 현황 (명/건)]
• 총 사망환자 수: 63명
• 48시간 이전 사망환자: 18명
• 48시간 이후 사망환자: 45명
• 부검건수: 8건
• 법적문제로 사체이송 수: 2건
• 퇴원 후 사망환자 부검 수: 1건",12.69%,12.84%,12.98%,13.10%,13.30%,1,"조부검률 = (부검건수 / 총 사망자 수) × 100이므로, (8 / 63) × 100 = 12.69%입니다.  ",조부검률,54,50
95,D병원의 2024년 순부검률은?,"<D병원 2024년도 연보 자료>
• 기간: 2024년 (365일)
• 성인과 소아용 병상: 500개 (분만실 10병상 포함)
• 신생아용 병상: 50개

[기초 입원 및 퇴원 현황 (명)]
• 입원환자 수: 1,987명
• 퇴원환자 수 (사망 포함): 2,112명

[수술 및 진료 현황 (명/건)]
• 수술환자 수: 1,109명
• 수술건수: 1,216건
• 수술 후 48시간 이내 사망: 3명
• 수술 후 10일 이내 사망: 10명
• 수술 후 30일 이내 사망: 5명

[사망 및 부검 현황 (명/건)]
• 총 사망환자 수: 63명
• 48시간 이전 사망환자: 18명
• 48시간 이후 사망환자: 45명
• 부검건수: 8건
• 법적문제로 사체이송 수: 2건
• 퇴원 후 사망환자 부검 수: 1건",9.52%,10.54%,10.98%,13.11%,14.30%,4,"순부검률 = {부검건수 / (총 사망자 수 - 법적문제 사체이송 수)} × 100이므로, {8 / (63 - 2)} × 100 = 13.11%입니다.  ",순부검률,55,51
96,D병원의 2024년 병원부검률은?,"<D병원 2024년도 연보 자료>
• 기간: 2024년 (365일)
• 성인과 소아용 병상: 500개 (분만실 10병상 포함)
• 신생아용 병상: 50개

[기초 입원 및 퇴원 현황 (명)]
• 입원환자 수: 1,987명
• 퇴원환자 수 (사망 포함): 2,112명

[수술 및 진료 현황 (명/건)]
• 수술환자 수: 1,109명
• 수술건수: 1,216건
• 수술 후 48시간 이내 사망: 3명
• 수술 후 10일 이내 사망: 10명
• 수술 후 30일 이내 사망: 5명

[사망 및 부검 현황 (명/건)]
• 총 사망환자 수: 63명
• 48시간 이전 사망환자: 18명
• 48시간 이후 사망환자: 45명
• 부검건수: 8건
• 법적문제로 사체이송 수: 2건
• 퇴원 후 사망환자 부검 수: 1건",10.10%,10.50%,11.90%,12.90%,13.30%,4,"병원부검률 = {(입원부검 + 입원외부검) / (총사망자 + 입원외부검 - 법적문제 이송)} × 100이므로, {(8 + 0) / (63 + 1 - 2)} × 100 = (8 / 62) × 100 = 12.9%입니다. (원문 솔루션 공식 기준 대입값 8/62 반영)  ",병원부검률,56,52
97,G병원의 2024년 사산율은?,"<G병원 2024년도 연보 자료>
• 성인과 소아용 병상: 300개
• 신생아용 병상: 50개

[퇴원 및 진료 환자 현황 (명/건)]
• 퇴원환자 - 성인 및 소아: 178명
• 퇴원환자 - 신생아: 49명
• 출생아 수: 51명
• 분만 수: 61건
• 제왕절개 수: 15건

[사망 및 손실 현황 (명)]
• 사망환자 - 성인 및 소아: 12명
• 사망환자 - 신생아: 2명
• 사망환자 - 사산아: 2명
• 사망환자 - 유산: 5명",3.50%,3.80%,4.10%,4.70%,5.00%,2,"사산율 = {사산아 수 / (출생아수 + 사산아 수)} × 100이므로, {2 / (51 + 2)} × 100 = 3.77%로 반올림하여 3.8%입니다.  ",사산율,53,49
98,G병원의 2024년 신생아사망률은?,"<G병원 2024년도 연보 자료>
• 성인과 소아용 병상: 300개
• 신생아용 병상: 50개

[퇴원 및 진료 환자 현황 (명/건)]
• 퇴원환자 - 성인 및 소아: 178명
• 퇴원환자 - 신생아: 49명
• 출생아 수: 51명
• 분만 수: 61건
• 제왕절개 수: 15건

[사망 및 손실 현황 (명)]
• 사망환자 - 성인 및 소아: 12명
• 사망환자 - 신생아: 2명
• 사망환자 - 사산아: 2명
• 사망환자 - 유산: 5명",3%,4%,5%,6%,7%,2,"신생아사망률 = (신생아 사망 수 / 퇴원 신생아 수) × 100이므로, (2 / 49) × 100 = 4.08%로 약 4%입니다.  ",신생아사망률,3,38
99,G병원의 2024년 제왕절개율은?,"<G병원 2024년도 연보 자료>
• 성인과 소아용 병상: 300개
• 신생아용 병상: 50개

[퇴원 및 진료 환자 현황 (명/건)]
• 퇴원환자 - 성인 및 소아: 178명
• 퇴원환자 - 신생아: 49명
• 출생아 수: 51명
• 분만 수: 61건
• 제왕절개 수: 15건

[사망 및 손실 현황 (명)]
• 사망환자 - 성인 및 소아: 12명
• 사망환자 - 신생아: 2명
• 사망환자 - 사산아: 2명
• 사망환자 - 유산: 5명",9.30%,15.00%,24.60%,29.40%,30.60%,3,"제왕절개율 = (제왕절개 수 / 분만 수) × 100이므로, (15 / 61) × 100 = 24.59%로 약 24.6%입니다.  ",제왕절개율,50,55
100,U병원의 2024년 조사망률로 옳은 것은?,"<U병원 2024년 연보 자료>
• 성인/소아병상: 600개
• 신생아병상: 70개

[퇴원 및 진료 환자 현황 (명)]
• 총 퇴원환자 수 (사망 포함): 16,500명 (성인/소아: 15,500명 / 신생아: 1,000명)
• 산과 분화항목 - 유산: 50명
• 산과 분화항목 - 미분만: 230명
• 산과 분화항목 - 분만: 1,600명
• 제왕절개 수: 400건

[재원일수 및 연인원 현황 (일/명)]
• 퇴원환자 총 재원일수: 312,000일
• 재원환자 연인원수: 130,000명 (성인/소아: 111,000명 / 신생아: 19,000명)

[사망 현황 (명)]
• 48시간 이전 사망: 100명
• 48시간 이후 사망: 90명
• 모성사망: 10명",0.15%,0.55%,0.60%,1.15%,1.21%,4,"조사망률 = (기간 중 총 사망자 수 / 기간 중 총 퇴원환자 수) × 100이므로, (190 / 16,500) × 100 = 1.15%입니다.  ",조사망률(보통사망률),46,77
101,U병원의 2024년 제왕절개율로 옳은 것은?,"<U병원 2024년 연보 자료>
• 성인/소아병상: 600개
• 신생아병상: 70개

[퇴원 및 진료 환자 현황 (명)]
• 총 퇴원환자 수 (사망 포함): 16,500명 (성인/소아: 15,500명 / 신생아: 1,000명)
• 산과 분화항목 - 유산: 50명
• 산과 분화항목 - 미분만: 230명
• 산과 분화항목 - 분만: 1,600명
• 제왕절개 수: 400건

[재원일수 및 연인원 현황 (일/명)]
• 퇴원환자 총 재원일수: 312,000일
• 재원환자 연인원수: 130,000명 (성인/소아: 111,000명 / 신생아: 19,000명)

[사망 현황 (명)]
• 48시간 이전 사망: 100명
• 48시간 이후 사망: 90명
• 모성사망: 10명",2.40%,3.00%,21.00%,21.30%,25.00%,5,"제왕절개율 = (기간 중 제왕절개 수 / 기간 중 총 분만 수) × 100이므로, (400 / 1,600) × 100 = 25.0%입니다.",제왕절개율,50,55
102,U병원의 2024년 신생아병상가동률로 옳은 것은?,"<U병원 2024년 연보 자료>
• 성인/소아병상: 600개
• 신생아병상: 70개

[퇴원 및 진료 환자 현황 (명)]
• 총 퇴원환자 수 (사망 포함): 16,500명 (성인/소아: 15,500명 / 신생아: 1,000명)
• 산과 분화항목 - 유산: 50명
• 산과 분화항목 - 미분만: 230명
• 산과 분화항목 - 분만: 1,600명
• 제왕절개 수: 400건

[재원일수 및 연인원 현황 (일/명)]
• 퇴원환자 총 재원일수: 312,000일
• 재원환자 연인원수: 130,000명 (성인/소아: 111,000명 / 신생아: 19,000명)

[사망 현황 (명)]
• 48시간 이전 사망: 100명
• 48시간 이후 사망: 90명
• 모성사망: 10명",3.90%,14.30%,31.50%,64.60%,74.40%,5,"신생아 병상이용률(가동률) = {신생아 재원환자 연인원 수 / (신생아 총 병상 수 × 기간 중 일수)} × 100이므로, {19,000 / (70 × 365)} × 100 = 74.36%로 약 74.4%입니다.",병상가동률(병상이용률),19,64
103,U병원의 2024년 성인소아병상가동률로 옳은 것은?,"<U병원 2024년 연보 자료>
• 성인/소아병상: 600개
• 신생아병상: 70개

[퇴원 및 진료 환자 현황 (명)]
• 총 퇴원환자 수 (사망 포함): 16,500명 (성인/소아: 15,500명 / 신생아: 1,000명)
• 산과 분화항목 - 유산: 50명
• 산과 분화항목 - 미분만: 230명
• 산과 분화항목 - 분만: 1,600명
• 제왕절개 수: 400건

[재원일수 및 연인원 현황 (일/명)]
• 퇴원환자 총 재원일수: 312,000일
• 재원환자 연인원수: 130,000명 (성인/소아: 111,000명 / 신생아: 19,000명)

[사망 현황 (명)]
• 48시간 이전 사망: 100명
• 48시간 이후 사망: 90명
• 모성사망: 10명",7.07%,25.80%,50.70%,53.20%,59.40%,3,"성인소아 병상이용률 = {성인소아 연인원 수 / (성인소아 총 병상 수 × 기간 중 일수)} × 100이므로, {111,000 / (600 × 365)} × 100 = 50.68%로 약 50.7%입니다.",병상가동률(병상이용률),19,64
104,U병원의 2024년 순사망률로 옳은 것은?,"<U병원 2024년 연보 자료>
• 성인/소아병상: 600개
• 신생아병상: 70개

[퇴원 및 진료 환자 현황 (명)]
• 총 퇴원환자 수 (사망 포함): 16,500명 (성인/소아: 15,500명 / 신생아: 1,000명)
• 산과 분화항목 - 유산: 50명
• 산과 분화항목 - 미분만: 230명
• 산과 분화항목 - 분만: 1,600명
• 제왕절개 수: 400건

[재원일수 및 연인원 현황 (일/명)]
• 퇴원환자 총 재원일수: 312,000일
• 재원환자 연인원수: 130,000명 (성인/소아: 111,000명 / 신생아: 19,000명)

[사망 현황 (명)]
• 48시간 이전 사망: 100명
• 48시간 이후 사망: 90명
• 모성사망: 10명",0.50%,0.60%,0.90%,1.20%,1.30%,2,"순사망률 = {(총 사망자 수 - 48시간 이전 사망자 수) / (총 퇴원환자 수 - 48시간 이전 사망자 수)} × 100이므로, {(190 - 100) / (16,500 - 100)} × 100 = (90 / 16,400) × 100 = 0.54%로 약 0.6%입니다.",순사망률,44,46
105,2024년 U병원의 평균재원일수 계산이 옳은 것은?,"<U병원 2024년 연보 자료>
• 성인/소아병상: 600개
• 신생아병상: 70개

[퇴원 및 진료 환자 현황 (명)]
• 총 퇴원환자 수 (사망 포함): 16,500명 (성인/소아: 15,500명 / 신생아: 1,000명)
• 산과 분화항목 - 유산: 50명
• 산과 분화항목 - 미분만: 230명
• 산과 분화항목 - 분만: 1,600명
• 제왕절개 수: 400건

[재원일수 및 연인원 현황 (일/명)]
• 퇴원환자 총 재원일수: 312,000일
• 재원환자 연인원수: 130,000명 (성인/소아: 111,000명 / 신생아: 19,000명)

[사망 현황 (명)]
• 48시간 이전 사망: 100명
• 48시간 이후 사망: 90명
• 모성사망: 10명","130,000 / 16,500","310,000 / 600","312,000 / 670","312,000 / 16,500","312,000 / 130,000",4,"평균재원일수 = 퇴원환자 총 재원일수 / 총 퇴원환자 수 이므로 312,000 / 16,500 입니다.",평균재원일수,18,62
106,"Y병원은 250병상 규모의 종합병원으로 7월의 재원환자 연인원수는 6,300명이었으며, 퇴원환자수는 777명이다. 이 병원의 7월의 병상이용률로 옳은 것은?",,81.30%,81.40%,84.00%,84.30%,87.10%,1,"병상이용률 = {기간 중 재원환자 연인원 수 / (이용 가능한 총 병상 수 × 기간 중 일수)} × 100입니다. 7월은 31일이므로 계산식은 {6,300 / (250 × 31)} × 100 = 81.29%로 약 81.3%입니다.",병상가동률(병상이용률),19,64
107,다음에서 사산율(still birth rate)은?,"<2024년 Y여성병원>
• 신생아 출생수: 396명
• 사산아수: 4명",0.01%,0.10%,0.80%,1.00%,1.20%,4,"사산율 = {기간 중 총 사산아 수 / 기간 중 출생아 수(신생아 수 + 사산아 수)} × 100이므로, {4 / (396 + 4)} × 100 = 1.0%입니다.",사산율,53,49
108,순부검률의 산출식은?,,(기간 중 병원부검 수 / 입원사망 총수(신생아 포함)) × 100,(입원사망 중 부검 수(신생아 포함) / 입원사망 총수(신생아 포함)) × 100,(기간 중 병원부검 수 / 기간 중 병원부검이 가능한 사망자수) × 100,(법적 문제로 이송된 부검 수 / (기간 중 입원사망 총수 - 법적 문제로 이송된 미부검 총수)) × 100,(기간 중 입원사망 중 부검 수 / (기간 중 입원사망 총수 - 법적 문제로 이송된 미부검 총수)) × 100,5,순부검률은 입원사망 총수에서 법적 문제로 이송되어 미부검된 총수를 뺀 값에 대한 부검 수의 비율입니다.,순부검률,55,51
109,Y병원 2024년의 순사망률이 0.14%이다'를 해설하면?,,사망 퇴원이 전체 퇴원의 0.14%이다.,수술 후 사망 퇴원이 전체 퇴원의 0.14%이다.,DOA를 포함한 사망 퇴원이 전체 퇴원의 0.14%이다.,사산아를 포함한 사망 퇴원이 전체 퇴원의 0.14%이다.,병원 입원 후 48시간 이후 사망 퇴원이 전체 퇴원의 0.14%이다.,5,순사망률이란 기간 중 48시간 이전 사망자를 제외한 총 퇴원 수에 대한 48시간 이후 사망자의 비율을 나타냅니다.,순사망률,44,46
110,병원에 오는 도중 해당 병원 응급차에서 사망한 환자의 분류는?,,입원환자,외래환자,DOA환자,48시간 이내 사망환자,입원 후 48시간 이내 사망환자,3,"병원 도착 전 또는 응급실에서 입원수속을 밟지 않은 채 사망한 환자는 도착 시 사망 환자인 DOA(Dead on Arrival) 환자로 분류하며, 사망률 통계에서 제외됩니다.",환자,582,7
111,Y병원의 2024년 조사망률이 0.2%라는 의미는?,,수술 후 사망 퇴원이 전체 퇴원의 0.2%이다.,DOA를 포함한 사망 퇴원이 전체 퇴원의 0.2%이다.,신생아를 포함한 사망 퇴원이 전체 퇴원의 0.2%이다.,사산아를 포함한 사망 퇴원이 전체 퇴원의 0.2%이다.,병원 입원 후 48시간 이후 사망 퇴원이 전체 퇴원의 0.2%이다.,3,조사망률은 기간 중 총 퇴원환자 수(사망 및 신생아 포함)에 대한 총 사망자 수(신생아 포함)의 비율을 의미합니다.,조사망률(보통사망률),46,77
112,다음과 같은 자료에서 H병원의 2025년 4월 제왕절개율은?,"<H병원: 2025년 4월>
• 산과 퇴원환자: 650명
• 분만 환자: 410명
• 제왕절개에 의한 분만: 80명",12.00%,12.30%,13.00%,19.50%,20.00%,4,"제왕절개율 = (기간 중 제왕절개 수 / 기간 중 총 분만 수) × 100이므로, (80 / 410) × 100 = 19.5%입니다. 다태아 분만 여부나 사산 여부에 상관없이 분만 건수를 기준으로 계산합니다.",제왕절개율,50,55
113,임신 20주 미만인 기간에 태아가 사망한 경우는?,,조산,사산,유산,미숙아,과숙아,3,임신 20주 미만(139일)이거나 태아 체중이 500g 이하일 때 사망하여 만출된 경우를 유산이라고 정의합니다.,유산(낙태),132,15
114,미숙아의 체중의 기준은?,,500g 미만,"1,000g 미만","2,000g 미만","2,500g 미만","3,000g 미만",4,"출생 시 체중에 따른 분류에서 1,000g 이상 ~ 2,500g 미만인 경우를 미숙아(immaturity)라고 합니다.",미숙아(조산아),165,20
115,과숙아의 출생 시 체중 기준은?,,"2,800g 이상","3,800g 이상","4,000g 이상","4,500g 이상","4,800g 이상",4,"출생 시 체중이 4,500g 이상인 경우를 과숙아(exceptionally large baby)의 기준으로 봅니다.",과숙아,168,27
116,산욕기(puerperium)의 기준은?,,분만 후 24시간 이내,분만 후 10일 이내,분만 후 4주 이내,분만 후 6주 이내,분만 후 6주 이후,4,"산후기 또는 산욕기는 분만 후 6주 이내의 기간으로, 자궁이 완전한 퇴축을 이루는 시기입니다.",산욕기(산후기),178,23
117,조기 태아사망을 결정하는 기준은?,,임신 20주 미만,임신 20주 이상~28주 미만,임신 28주 이상,태아체중 501 g 이하,"태아체중 501 g 이상~1,000g 미만",1,"태아 체중 501g 미만, 임신 기간 20주 미만에서 사망한 경우를 조기 태아사망(early fetal death)이라고 정의합니다.",태아사망,156,36
118,정상출생아로 분류되는 기준은?,,임신 36주에 출생,"체중 2,400 g으로 출생","임신 36주, 체중 2,400g으로 출생","임신 41주, 체중 2,700g으로 출생","임신 43주, 체중 2,400g으로 출생",4,"정상출생아(정상분만)는 임신 37~42주 미만, 체중 2,500~4,500g 미만의 범위를 충족해야 합니다.",출생아,584,
119,임신 26주에 자궁 내에서 사망한 태아사망(fetal death)은?,,Early fetal death,Intermediate fetal death,Late fetal death,Postpartum,Premature,2,"임신 20주 이상 ~ 28주 미만이면서 체중 501g 이상 ~ 1,000g 미만인 태아 사망은 중기 태아사망(Intermediate fetal death)에 해당합니다.",태아사망,156,36
120,"출생 시 체중이 1,000 g 미만인 신생아는?",,Exceptionally large baby,Extreme immaturity,Immaturity,Mature infant,Prematurity,2,"출생 시 체중이 1,000g 미만인 경우를 극도미숙아(Extreme immaturity)라고 부릅니다.",극도 미숙아(극단적 조산아),169,20
121,"임신 27주 기간에, 체중 950g으로 출생한 신생아는?",,Exceptionally large baby,Extremely immaturity,Immaturity,Post-term infant,Prematurity,2,"임신기간 28주 미만이고 체중 1,000g 미만인 경우 임신기간 기준 '극단적 조산아(Extremely immaturity)' 및 체중 기준 '극도미숙아'에 속합니다.",극도 미숙아(극단적 조산아),169,24
122,정상 질식 분만한 경우 이상출혈의 기준 수치는?,,500 cc 이상,800 cc 이상,"1,000 cc 이상","1,500 cc 이상","1,800 cc 이상",1,"분만 후 이상출혈(산후출혈)의 기준은 정상 질식 분만의 경우 500 cc 이상이며, 제왕절개의 경우 1,000 cc 이상입니다.",,,
123,조산(pre-term)을 정의하는 임신 기간의 기준은?,,27주 미만,34주 미만,35주 미만,37주 미만,38주 미만,4,조산(pre-term infant)은 임신 기간 37주 미만인 경우를 정의하는 기준이 됩니다.,조산,145,20
124,정상분만으로 분류되는 임신기간은?,,28~42주 미만,36~42주 미만,36~45주 미만,37~42주 미만,37~45주 미만,4,정상분만(만기아)으로 분류되는 임신 기간의 정확한 기준은 37주 이상 ~ 42주 미만입니다.,임신만기,201,13
125,모성사망률을 계산할 때 제외되는 것은?,,유산 중 사망,분만 중 사망,분만 후 합병증으로 사망,산과와 부인과 총 퇴원 수,분만 직후 과다출혈로 사망,4,모성사망률은 산과적 원인에 의한 사망을 다루므로 분모에 부인과 퇴원 수는 포함되지 않고 '산과 총 퇴원 수'만 반영됩니다.,모성사망률,1,33
126,모성사망률은 무엇에 대한 모성사망 수의 비율인가?,,총 분만 수,산과 총 퇴원 수,산부인과 퇴원 수,총 분만 수+ 유산 수,총 분만 수+ 미분만 수,2,모성사망률은 '기간 중 모성사망 수 / 기간 중 산과 총 퇴원 수(사망 포함)'로 계산되는 비율입니다.,모성사망률,1,33
127,병원에서 모성사망률 계산 시 포함하는 경우는?,,병원 분만 중 사망,임신 32주에 교통사고로 사망,임신 36주에 당뇨악화로 사망,분만 후 10주에 뇌출혈로 사망,분만 후 8주에 감전 사고로 사망,1,"병원통계에서의 모성사망률은 재원 중 발생한 '직접모성사망(산과적 합병증으로 인한 사망)'만을 포함하므로 병원 분만 중 사망이 해당됩니다. 당뇨악화는 간접모성사망이며, 교통사고나 감전사고 등 우발적 사고는 제외됩니다.",모성사망률,1,33
128,모성사망에 관한 내용으로 옳은 것은?,,기간과 관계없이 분만 후 사망한 경우는 모성사망이다.,임산부가 감염병에 걸려 사망한 경우는 직접모성사망이다.,임신으로 인한 합병증으로 사망한 경우는 간접모성사망이다.,병원통계에서는 재원 중 발생한 직접모성사망만을 모성사망으로 분류한다.,임신 전 진단받은 당뇨병이 임신 후 악화되어 사망한 경우는 직접모성사망이다.,4,"병원 진료통계에서는 입원하여 재원 중인 기간 내에 발생한 직접모성사망(임신, 분만, 산욕 합병증)만을 모성사망으로 분류합니다. 기왕증(당뇨 등)의 악화는 간접모성사망입니다.",모성사망,149,33
129,모성사망에 해당하는 것은?,,임신 중 낙상으로 사망,임신 중 교통사고로 사망,분만 후 8주에 출혈로 사망,임신 중 임신중독증으로 사망,분만 후 7주에 원인불명의 사망,4,"임신중독증은 임신과 직접 관련된 대표적인 산과적 합병증이므로 모성사망에 해당합니다. 사고사(낙상, 교통사고)나 분만 후 6주(42일)를 초과한 사망은 모성사망에서 제외됩니다.",직접모성사망(직접 산과적 사망),151,34
130,다음 설명에 맞는 용어는?,"임신기간에 상관없이 모체로부터 수태의 산물이 완전히 분리 또는 이탈하기 전의 사망, 즉, 심박동, 제대의 맥박, 수의근 운동과 같은 살아 있는 징후가 없거나 호흡을 하지 않는 상태",모성 사망,태아 사망,영아 사망,신생아 사망,주산기 사망,2,제시된 지문은 모체로부터 완전히 분리되기 전에 살아있는 징후 없이 사망한 상태인 태아 사망(fetal death)에 대한 정의입니다.,태아,155,18
131,사산아와 신생아사망률을 포함한 용어는?,,태아 사망(fetal death),영아 사망(infant death),모성 사망(maternal death),신생아 사망(neonatal death),주산기 사망(perinatal period death),5,사산아(태아 사망 일부)와 신생아 사망을 모두 포함하여 보건 수준을 나타내는 통계 용어는 주산기 사망(perinatal period death)입니다.,주산기,176,40
132,신생아사망률은 무엇에 대한 신생아 사망 수의 비율인가?,,총 분만 수,총 사망 수,총 신생아 수,총 출생아 수,신생아 퇴원 총수,5,신생아사망률은 '기간 중 신생아 사망 수 / 기간 중 신생아 퇴원 수(사망 포함)'로 계산되므로 분모는 신생아 퇴원 총수가 됩니다.,신생아사망률,3,38
133,신생아사망률 계산에서 필요한 것은?,,기간 중 사산아 수,기간 중 출생아 수,기간 중 신생아 퇴원 수,기간 중 소아과 퇴원 수,기간 중 신생아 퇴원 수 + 사산아 수,3,신생아사망률 공식은 '기간 중 신생아 사망 수 × 100 / 기간 중 신생아 퇴원 수'이므로 분모에 해당하는 신생아 퇴원 수가 필요합니다. 사산아는 제외됩니다.,신생아사망률,3,38
134,Still birth rate는 무엇에 대한 사산아의 비율인가?,,생존아,분만 수,태아 사망,신생아 퇴원 수,신생아와 사산아의 합,5,"사산율(Still birth rate)은 '기간 중 사산아 수 / 기간 중 출생아 수(신생아 수 + 사산아 수)'로 계산되므로, 신생아와 사산아의 합(총 출생아 수)에 대한 비율입니다.",사산,133,17
135,순부검률에 포함하는 항목은?,,사산아,입원 중 사망한 신생아 환자,법적 문제로 다른 곳으로 이송된 환자,응급실 도착 당시 이미 사망해 있었던 환자,입원수속을 밟지 않은 채 응급실에 있던 중 사망한 환자,2,"순부검률은 입원환자 중의 사망만을 대상으로 하므로 사산아, DOA, 입원 미수속 응급실 사망, 법적 이송 환자는 모두 제외되고 '입원 중 사망한 신생아 환자'가 포함됩니다.",순부검률,55,51
136,S병원의 산과 2025년 1~3월 동안 항목별 조사결과가 다음과 같을 때 S병원의 모성사망률은?,"항목별 조사결과: 분만 후 사망 2명, 유산 190명, 미분만 90명, 산욕기 환자 수 50명, 분만 환자 수 6,200명",0.03%,0.04%,0.50%,0.60%,0.70%,1,"모성사망률 = {모성사망자 수 / 총 산과 퇴원환자 수} × 100입니다. 산과 퇴원환자 총합은 6,200 + 190 + 90 + 50 = 6,530명이며 사망자는 2명이므로, (2 / 6,530) × 100 = 0.03%입니다.",모성사망률,1,33
137,W여성병원의 2025년 2월 사산율은?,"<W여성병원 2025년 2월>
• 신생아 퇴원 수: 350명
• 사산아: 7명",0.02%,0.96%,1.02%,1.96%,2.02%,4,"사산율 = {사산아 수 / (신생아 수 + 사산아 수)} × 100이므로, {7 / (350 + 7)} × 100 = (7 / 357) × 100 = 1.96%입니다.",사산율,53,49
138,D여성병원의 2025년 3월 신생아사망률은?,"<D여성병원의 2025년 3월>
• 퇴원신생아 110명 중 2명은 사망퇴원
• 사산아: 3명
• 타 병원 분만아: 3명",0.60%,1.80%,2.20%,2.70%,4.50%,2,"신생아사망률 = (신생아 사망 수 / 신생아 퇴원 수) × 100입니다. 사산아 및 타 병원 분만아(소아과 분류)는 계산에서 제외하므로, (2 / 110) × 100 = 1.81%로 약 1.8%입니다.",신생아사망률,3,38
139,수술 후 사망률은 수술 후 10일 이내의 사망 수와 무엇과의 비율인가?,,총 퇴원 수,총 수술건수,총 마취건수,총 수술환자 수,총 사망환자 수,4,수술 후 사망률은 기간 중 수술 후 10일 이내 사망자 수와 '기간 중 수술환자의 총수'와의 비율을 백분율로 나타낸 것입니다.,수술,585,47
140,용어의 정의 중 옳은 것은?,,영아 사망은 1세 미만의 사망을 의미한다.,신생아기 사망은 출생 후 한 달 이내 사망을 의미한다.,수술 후 사망은 수술 후 24시간 이내 사망을 의미한다.,조사망률은 기간 중 총 퇴원에 대한 48시간 이후 사망자의 비율을 의미한다.,"사산아란 임신 25주 이상이나 체중 600g 이상인 태아가 사망, 출생한 것을 의미한다.",1,"영아 사망은 생후 1세(1년) 미만의 사망을 정확히 의미합니다. 신생아기 사망은 28일 이내, 수술 후 사망은 10일 이내, 사산아는 임신 20주 이상 또는 체중 501g 이상이 기준입니다.",영아(젖먹이),170,37
141,Post operative death rate에서 다음 중 수술 후 사망에 포함되는 환자는?,,"수술일: 4월 1일, 사망일: 4월 14일","수술일: 5월 10일, 사망일: 5월 22일","수술일: 6월 13일, 사망일: 6월 23일","수술일: 7월 9일, 사망일: 7월 17일","수술일: 9월 3일, 사망일: 9월 13일",4,수술 후 사망(Post operative death)은 수술 후 10일 이내(수술일+9일 이내)에 발생한 사망을 의미합니다. 7월 9일 수술 후 7월 17일 사망은 8일째 사망이므로 범위 내에 포함됩니다.,수술,585,47
142,수술 후 사망률에 포함되는 경우는?,,"수술일: 1월 7일, 사망일자: 1월 20일","수술일: 4월 10일, 사망일자: 4월 21일","수술일: 5월 1일, 사망일자: 5월 10일","수술일: 5월 7일, 사망일자: 5월 19일","수술일: 5월 10일, 사망일자: 5월 20일",3,"수술 후 10일 이내(당일 포함 10일째까지)의 사망건만 수술 후 사망 통계에 포함되므로, 5월 1일 수술 후 5월 10일 사망(9일 후 사망)한 케이스가 유일하게 성립합니다.",수술,585,47
143,일일퇴원분석에서 사산아(still birth) 수를 찾는 항목은?,,분만,유산,부인과,미분만,신생아,1,"일일퇴원분석 시 해당 병원 분만실에서 분만한 경우, 살아있는 신생아와 사산아 모두 '분만' 항목으로 분류하여 전수 분석합니다.",미분만,224,44
144,산과로 분류하는 질환은?,,질염,난소낭종,자궁외임신,자궁경부염,자궁내막증식증,3,"임신 및 분만과 관련된 질환인 유산, 자궁외임신, 산후출혈 등은 산과(OB)로 분류됩니다. 일반 여성생식기 질환(질염, 난소낭종 등)은 부인과(GY)에 속합니다.",임신(수태),130,11
145,일일퇴원분석의 기준을 잘 설명한 것은?,,일일퇴원분석은 2~3일 간격으로 시행한다.,일일퇴원분석의 목표는 다음 날 입원환자 수의 예측이다.,퇴원환자의 명단과 대조하며 누락됨 없이 전수를 분석한다.,특별한 통계서식 없이 필요할 때마다 서식을 맞추어 사용한다.,퇴원 의무기록은 퇴원 후 1주일 내에 의무기록부서로 전달되어야 한다.,3,"일일퇴원분석은 매일 시행하며, 퇴원환자 명단과 대조하여 전수를 누락 없이 분석하는 체계를 유지해야 합니다. 퇴원 기록은 24시간 내에 전달되어야 합니다.",환자,582,7
146,일일퇴원분석에서 사산아의 분류항목은?,,유산,분만,미분만,소아과,신생아과,2,143번 문항과 동일하게 일일퇴원분석 지침상 사산아는 '분만' 항목 하위로 분류하여 통계를 산출합니다.,미분만,224,44
147,일일퇴원분석에서 자궁외임신 진단으로 수술 후 퇴원한 환자의 분류 항목은?,,분만,유산,미분만,신생아,분만 후 입원,2,자궁외임신은 임신을 지속할 수 없어 수술(난관절제술 등)과 동시에 임신이 종료되는 기전이므로 일일퇴원분석 시 '유산' 항목으로 분류합니다.,유산(낙태),132,15
148,일일퇴원환자 분석 항목으로 옳은 것은?,,재원일수,외래 진료과,재원환자 연인원수,재입원 가능 환자 수,일일평균 재원환자 수,1,"일일퇴원분석의 핵심 내용에는 퇴원일, 퇴원과, 재원일수(단입/양입), 수술 및 감염 여부 등이 포함됩니다. 연인원수나 평균재원환자 수는 재원환자조사(Census) 항목입니다.",재원일수,213,60
149,일일퇴원분석에서 자궁외임신(ectopic pregnancy) 환자가 난관절제술 후 퇴원한 경우의 분류 항목은?,,유산,분만,부인과,미분만,분만 후,1,"147번 문항과 동일한 원리로, 자궁외임신에 따른 수술 퇴원 환자는 임신 20주 미만 조기 종료 케이스로서 '유산'으로 분류하여 집계합니다.",유산(낙태),132,15
150,일일퇴원분석 방법으로 옳은 것은?,,분만은 사산아는 제외된다.,재원일수는 단일법으로 계산한다.,감염은 입원 전/후 감염으로 구분한다.,구급차에서 분만 후 입원한 아기는 신생아과이다.,수술 후 사망은 수술 후 48시간 이내 사망을 의미한다.,2,퇴원환자 분석 시 재원일수는 입원일과 퇴원일 중 하루만 넣는 단입법(단일법)으로 파악하는 것이 글로벌/국내 표준 통계 원칙입니다.,재원일수,213,60
151,P병원에서 환자센서스 자료를 이용하여 계산할 수 있는 것으로 옳은 것은?,,평균재원일수,협의진단건수,평균재원환자 수,수술 후 감염건수,퇴원환자 총재원일수,3,"환자센서스(재원환자조사) 자료를 이용하면 일일평균 재원환자 수, 시점재원환자 수, 재원환자 연인원수, 병상이용률 등을 산출할 수 있습니다.",재원환자,218,56
152,병상이용률에 대한 설명이 옳은 것은?,,기간 중 재원환자 연인원수와 총 병상수의 비율,기간 중 일일평균 재원환자 수와 총 병상수와의 비율,기간 중 일일평균 퇴원환자 수와 총 병상수와의 비율,기간 중 재원환자를 제외한 이용가능한 여유 병상수의 비율,기간 중 재원환자 연인원수와 기간 중 가동될 수 있는 총 병상수와의 비율,5,"병상이용률(가동률)은 해당 병원의 이용 가능한 총 병상 숫자 중에서 실제로 이용한 병상 수의 비율을 의미하며, '기간 중 재원환자 연인원수 / (총 병상수 × 기간 중 날 수) × 100'으로 정의됩니다.",병상가동률(병상이용률),19,64
153,용어의 설명 중 옳은 것은?,,사망환자는 통계분석을 하지 않아도 된다.,진료통계 비교 월보는 원무과에서 작성한다.,외래환자 통계 시 일요일은 0.5일로 계산한다.,퇴원과는 환자를 최종적으로 퇴원시킨 과를 말한다.,병원통계는 업무의 일관성을 위하여 변경하지 않아야 한다.,4,"퇴원과는 환자에게 최종적으로 퇴원 지시를 내려 퇴원시킨 과를 의미합니다. 외래통계 시 토요일은 0.5일로, 일요일은 계산하지 않습니다.",환자,582,7
154,병원에 오는 도중 분만된 아기의 통계 분류상 입원과는?,,산과,응급실,신생아과,중환자실,소아청소년과,5,병원 외부나 내원 도중(구급차 등)에 분만되어 입원한 아기는 신생아과가 아닌 소아청소년과 환자로 분류합니다.,소아청소년과,221,10
155,재원상황조사(census) 결과 구해지는 것은?,,조사망률,원내감염률,평균재원일수,일일평균 재원환자 수,퇴원환자 총 재원일수,4,"일일재원환자조사(Census)를 통해 시점재원환자 수, 일일재원환자 수, 재원환자 연인원수, 일일평균 재원환자 수, 병상이용률 등을 계산할 수 있습니다.",일일 평균 재원환자수,7,59
156,일일재원환자 분석(daily inpatient census)으로 구할 수 있는 것은?,,병상회전율,병상이용률,총 재원일수,일일재원일수,평균재원일수,2,"일일재원환자분석으로 파악할 수 있는 지표는 시점재원환자수, 일일재원환자수, 재원환자연인원수, 일일평균재원환자수, 병상이용률입니다. 평균재원일수나 병상회전율은 일일퇴원분석 지표입니다.",병상가동률(병상이용률),19,64
157,일일분석과 관련된 설명 중 옳은 것은?,,사망률 계산에서 사산아는 포함,"분만에 신생아는 포함, 사산아는 제외",이용 가능한 병상에서 수술실의 병상 포함,사망률 계산에서 응급실 도착 시 이미 사망한 환자(DOA) 포함,일일재원환자 분석 시 당일 입원 후 당일 퇴원한 환자는 조사 대상에서 포함,5,일일재원환자 분석(Census) 시 당일 입원하여 당일 퇴원(또는 사망)한 환자도 입퇴원 실인원 및 조사 대상에 포함해야 합니다. 사산아와 DOA는 사망률 계산에서 제외됩니다.,재원환자,218,56
158,입원할 당시 주진단과 함께 갖고 있었던 상태(pre-existing conditions)로 환자의 재원일수 증가의 원인이 되는 경우는?,,합병증(complication),복합질병(comorbidity),임상 진단(clinical diagnosis),감별 진단(differential diagnosis),병리학적 진단(pathological diagnosis),2,"환자가 입원할 당시 주진단과 함께 이미 가지고 있던 기왕증 상태를 복합질병(공존질환, comorbidity)이라고 하며, 이는 치료 기간 및 재원일수 증가의 원인이 됩니다.",,,
159,다음의 사례에서 4월 30일의 재원환자 수는?,"• 2025년 4월 29일 자정 센서스 조사기간에 재원한 성인과 소아환자는 455명이었다.
• 4월 30일 하루 동안 성인과 소아환자 21명이 입원하였고, 15명 퇴원하였다.
• 30일에 입원하였다가 같은 날 바로 퇴원한 사람이 3명이었다.",442명,455명,458명,461명,464명,5,4월 30일 자정 기준 시점 재원환자 수 = 전일 재원자(455) + 당일 입원(21) - 당일 퇴원(15) = 461명입니다. 일일 재원환자 수는 여기에 당일 입퇴원환자(3명)를 더하므로 461 + 3 = 464명입니다.,재원환자,218,56
160,2025년 3월 24일에 입원하여 4월 10일에 퇴원한 환자의 재원기간은?,,14일,15일,16일,17일,18일,4,"단입법을 적용하여 '퇴원일 - 입원일'로 계산합니다. 3월은 31일까지 있으므로 3월 재원일수는 (31 - 24) = 7일이며, 4월 재원일수는 10일이므로 총 재원기간은 7 + 10 = 17일입니다.",재원일수,213,60
161,기간 중 퇴원환자들의 총 재원일수를 그 퇴원환자 수로 나누어 계산하는 것은?,,병상이용률,평균 재원일수,일일 재원환자 수,재원환자 연인원수,일일평균 재원환자 수,2,퇴원환자들의 총 재원일수 합계를 해당 기간의 총 퇴원환자 수로 나눈 값을 평균 재원일수라고 합니다.,평균재원일수,18,62
162,일일평균 재원환자 수를 계산할 때 필요한 것은?,,기간 중 총 퇴원 수,기간 중 총 사망 수,기간 중 재원환자 연인원수,기간 중 퇴원환자 총 재원일수,기간 중 퇴원환자 평균재원일수,3,일일평균 재원환자 수 = 일정기간의 재원환자 연인원수 / 일정기간의 총 날수이므로 계산을 위해 재원환자 연인원수가 필요합니다.,재원환자 연인원수,579,58
163,H병원의 2024년 조사망률 계산식은?,"<H병원 2024년 진료 통계 현황>
[퇴원환자 수 (명)]
• 성인 및 소아: 13,710
• 신생아: 1,802
• 외과: 1,351
• 산과 (분만: 1,743 / 유산: 310 / 미분만(산전): 96 / 미분만(산후): 13)
• 출생아(live birth): 1,727
• 수술환자 수: 1,113
• 수술건 수: 1,230

[사망 수 및 기타 (명)]
• 성인 및 소아 사망 (48시간 이전: 41 / 48시간 이후: 298)
• 신생아 사망 (48시간 이전: 30 / 48시간 이후: 22)
• 수술 후 10일 이내 사망: 10
• 수술 후 12일째 사망: 2
• 산과 사망 (분만: 1 / 유산: 1)
• 사산아 수 (중기: 4 / 만기: 12)","(41+298+30+22) / (13,710+1,802) × 100","(41+298+30+22) / (13,710+1,802+1,351) × 100","(41+298+30+22+10) / (13,710+1,802) × 100","(41+298+30+22+10) / (13,710+1,802+1,351) × 100","(41+298+30+22+10) / (13,710+1,802+1,351+1,629) × 100",1,"조사망률 = {기간 중 총 사망자 수(신생아 포함) / 기간 중 총 퇴원환자 수(사망 및 신생아 포함)} × 100이므로, 분자는 (41 + 298 + 30 + 22), 분모는 (13,710 + 1,802)가 됩니다.",조사망률(보통사망률),46,77
164,H병원의 2024년 신생아사망률 계산식은?,"<H병원 2024년 진료 통계 현황>
[퇴원환자 수 (명)]
• 성인 및 소아: 13,710
• 신생아: 1,802
• 외과: 1,351
• 산과 (분만: 1,743 / 유산: 310 / 미분만(산전): 96 / 미분만(산후): 13)
• 출생아(live birth): 1,727
• 수술환자 수: 1,113
• 수술건 수: 1,230

[사망 수 및 기타 (명)]
• 성인 및 소아 사망 (48시간 이전: 41 / 48시간 이후: 298)
• 신생아 사망 (48시간 이전: 30 / 48시간 이후: 22)
• 수술 후 10일 이내 사망: 10
• 수술 후 12일째 사망: 2
• 산과 사망 (분만: 1 / 유산: 1)
• 사산아 수 (중기: 4 / 만기: 12)","(30+22) / 1,802 × 100","(30+22) / (13,710+1,802) × 100","(30+22+4+12) / 1,802 × 100","(30+22+4+12) / (13,710+2) × 100","(30+22+4+12+10) / (1,802+30+2) × 100",1,"신생아사망률 = (기간 중 신생아 사망 수 / 기간 중 신생아 퇴원 수) × 100이므로, 신생아 사망자 총합 (30 + 22) 분의 신생아 퇴원환자 수 1,802 가 공식이 됩니다. 사산아는 제외됩니다.",신생아사망률,3,38
165,H병원의 2024년 순사망률 계산식은?,"<H병원 2024년 진료 통계 현황>
[퇴원환자 수 (명)]
• 성인 및 소아: 13,710
• 신생아: 1,802
• 외과: 1,351
• 산과 (분만: 1,743 / 유산: 310 / 미분만(산전): 96 / 미분만(산후): 13)
• 출생아(live birth): 1,727
• 수술환자 수: 1,113
• 수술건 수: 1,230

[사망 수 및 기타 (명)]
• 성인 및 소아 사망 (48시간 이전: 41 / 48시간 이후: 298)
• 신생아 사망 (48시간 이전: 30 / 48시간 이후: 22)
• 수술 후 10일 이내 사망: 10
• 수술 후 12일째 사망: 2
• 산과 사망 (분만: 1 / 유산: 1)
• 사산아 수 (중기: 4 / 만기: 12)","298 / (13,710+1,802) × 100","(298+22) / (13,710+1,802) × 100","(298+22) / ((13,710+1,802)-(41+30)) × 100","((298+22)-(41+30)) / ((13,710+1,802)-(41+30)) × 100","(298+22) / ((13,710+1,802)-(41+30)+(10)) × 100",3,"순사망률 = {(총 사망자 수 - 48시간 이전 사망자 수) / (총 퇴원환자 수 - 48시간 이전 사망자 수)} × 100입니다. 분자는 48시간 이후 사망자만을 뜻하므로 (298 + 22)가 되며, 분모는 전체 퇴원수에서 이전 사망자를 빼므로 ((13,710 + 1,802) - (41 + 30))이 됩니다.",순사망률,44,46
166,H병원의 2024년 수술 후 사망률 계산식은?,"<H병원 2024년 진료 통계 현황>
[퇴원환자 수 (명)]
• 성인 및 소아: 13,710
• 신생아: 1,802
• 외과: 1,351
• 산과 (분만: 1,743 / 유산: 310 / 미분만(산전): 96 / 미분만(산후): 13)
• 출생아(live birth): 1,727
• 수술환자 수: 1,113
• 수술건 수: 1,230

[사망 수 및 기타 (명)]
• 성인 및 소아 사망 (48시간 이전: 41 / 48시간 이후: 298)
• 신생아 사망 (48시간 이전: 30 / 48시간 이후: 22)
• 수술 후 10일 이내 사망: 10
• 수술 후 12일째 사망: 2
• 산과 사망 (분만: 1 / 유산: 1)
• 사산아 수 (중기: 4 / 만기: 12)","10 / 1,113 × 100","12 / 1,230 × 100","(10+2) / 1,113 × 100","(298+22) / 1,113 × 100","(298+22) / 1,230 × 100",1,"수술 후 사망률 = (수술 후 10일 이내 사망자 수 / 수술환자 총수) × 100이므로 10 / 1,113 × 100이 올바른 수식입니다. (12일째 사망한 2명은 10일을 초과하여 제외)",수술 후 사망률,47,47
167,H병원의 2024년 사산율 계산식은?,"<H병원 2024년 진료 통계 현황>
[퇴원환자 수 (명)]
• 성인 및 소아: 13,710
• 신생아: 1,802
• 외과: 1,351
• 산과 (분만: 1,743 / 유산: 310 / 미분만(산전): 96 / 미분만(산후): 13)
• 출생아(live birth): 1,727
• 수술환자 수: 1,113
• 수술건 수: 1,230

[사망 수 및 기타 (명)]
• 성인 및 소아 사망 (48시간 이전: 41 / 48시간 이후: 298)
• 신생아 사망 (48시간 이전: 30 / 48시간 이후: 22)
• 수술 후 10일 이내 사망: 10
• 수술 후 12일째 사망: 2
• 산과 사망 (분만: 1 / 유산: 1)
• 사산아 수 (중기: 4 / 만기: 12)",12 / (1743+16) × 100,"(4+12) / (1,727+16) × 100","(4+12) / (1,743+16) × 100","12 / (1,743+310+96+1) × 100","(4+12) / (1,743+310+96+13) × 100",2,"사산율 = {기간 중 총 사산아 수 / (기간 중 출생아 수 + 사산아 수)} × 100이므로, 사산아 총합 (4 + 12) 분의 출생아수와 사산아수를 더한 (1,727 + 16) × 100이 맞습니다.",사산율,53,49
168,A산부인과 병원에서 2024년 400명의 산모가 분만하여 408명의 출산아를 낳았다. 이 중 50명이 제왕절개수술을 하여 분만하였다. 이 병원의 2024년 제왕절개율로 옳은 것은?,,10.50%,11%,11.50%,12%,12.50%,5,제왕절개율은 출산아 수가 아닌 '총 분만 건수(산모 수)'를 분모로 합니다. 제왕절개율 = (제왕절개 분만 수 / 총 분만 수) × 100 = (50 / 400) × 100 = 12.5%입니다.,제왕절개율,50,55
169,"A병원 2024년 10월 퇴원환자수는 2,002명이다. 이 중 20명이 사망하였고 6명이 부검되었다. 퇴원 후 집에서 사망한 1명의 사체가 A병원으로 보내져 병원의사가 부검하였다. A병원의 2024년 10월 병원부검률로 가장 옳은 것은?",,11%,"28,6%",30%,33.30%,35%,4,"병원부검률 = {(입원사망 중 부검 수 + 입원사망 외 부검 수) / (총 입원사망자 수 + 입원사망 외 부검 수)} × 100이므로, {(6 + 1) / (20 + 1)} × 100 = (7 / 21) × 100 = 33.3%입니다.",병원부검률,56,52
170,11월 30일 자정 census 조사기간의 재원환자 수는?,"• 11월 29일 자정 census 조사기간에 재원한 성인 소아환자는 475명
• 11월 30일 하루 동안 성인 소아환자 12명이 입원
• 11월 30일 하루 동안 9명이 퇴원, 2명이 사망
• 11월 30일에 입원하였다가 같은 날 바로 퇴원한 사람이 2명 (원문 오독 교정: 29일 퇴원은 당일 시점재원 계산용 전일 마감 현황에 준함)",475명,476명,478명,481명,496명,2,11월 30일 자정 기준 시점 재원환자 수 = 전일 재원자(475) + 당일 입원(12) - 당일 퇴원(9) - 당일 사망(2) = 476명입니다.,재원환자,218,56
171,11월 30일 재원환자 수는?,"• 11월 29일 자정 census 조사기간에 재원한 성인 소아환자는 475명
• 11월 30일 하루 동안 성인 소아환자 12명이 입원
• 11월 30일 하루 동안 9명이 퇴원, 2명이 사망
• 11월 30일에 입원하였다가 같은 날 바로 퇴원한 사람이 2명 (원문 오독 교정: 29일 퇴원은 당일 시점재원 계산용 전일 마감 현황에 준함)",462명,475명,478명,481명,486명,3,"일일 재원환자 수 = 시점 재원환자 수 + 당일 입퇴원환자 수이므로, 170번 문항에서 구한 시점 재원환자 수 476명에 당일 입퇴원환자 2명을 더하여 476 + 2 = 478명입니다.",재원환자,218,56
172,G병원의 2024년 12월 30일 자정에 재원한 환자 수는?,"• G병원의 2024년 12월 29일 census 조사기간에 재원한 성인 및 소아 환자는 500명이었다.
• 12월 30일 하루 동안 성인 및 소아 환자 20명이 입원하였다.
• 그날 15명이 퇴원, 1명이 사망하고 30일에 입원하였다가 같은 날 퇴원한 환자는 3명이었다.",504명,505명,506명,507명,520명,1,12월 30일 자정 시점 재원환자 수 = 전일 자정 재원자(500) + 당일 입원(20) - 당일 퇴원(15) - 당일 사망(1) = 504명입니다. (당일 입퇴원자는 자정 시점 계산에서 상쇄됨),재원환자,218,56
173,G병원의 2024년 12월 30일 일일재원환자 수는?,"• G병원의 2024년 12월 29일 census 조사기간에 재원한 성인 및 소아 환자는 500명이었다.
• 12월 30일 하루 동안 성인 및 소아 환자 20명이 입원하였다.
• 그날 15명이 퇴원, 1명이 사망하고 30일에 입원하였다가 같은 날 퇴원한 환자는 3명이었다.",504명,505명,506명,507명,520명,4,"일일재원환자 수 = 시점 재원환자 수 + 당일 입퇴원환자 수이므로, 앞서 구한 시점 재원환자 수 504명에 당일 입퇴원 환자 3명을 더하여 504 + 3 = 507명입니다.",재원환자,218,56
174,응급환자의 민원상담률이 작년 3%에서 올해 6%로 상승하였다면 이러한 변화에 대한 통계적 표현으로 옳은 것은?,,민원상담률이 100% 상승했다.,응급환자의 민원상담률이 작년에 비해 3% 상승했다.,응급환자의 민원상담률이 작년에 비해 50% 상승했다.,응급환자의 민원상담률이 작년에 비해 200% 상승했다.,응급환자의 민원상담률이 작년에 비해 3%포인트 상승했다.,5,퍼센트(%) 간의 단순 산술적 수치 차이를 표현할 때는 '퍼센트포인트(%p)'라는 단위를 사용하여 표현해야 통계학적으로 정확합니다. (6% - 3% = 3%포인트 상승),응급환자,126,9
175,다음에서 설명하는 지표는?,"• 각각의 편차를 제곱하여 이를 산술평균한 것
• 자료의 중심(평균)으로부터 자료들이 얼마만큼 흩어져 있는가를 하나의 숫자로 나타내 주는 척도",평균,분산,중앙값,최빈값,표준편차,2,"자료의 평균으로부터 각 관측값들이 얼마나 흩어져 있는가를 나타내는 산포성 척도 중에서, 편차 제곱의 산술평균으로 정의되는 지표는 분산(variance)입니다.",분산,298,109
176,대푯값을 중심으로 자료들이 흩어져 있는 정도는?,,민감도,타당도,신뢰도,산포도,중심경향성,4,관찰한 자료들이 중심 대푯값(평균 등)을 기준으로 흩어져 분포하고 있는 양상이나 정도를 나타내는 통계적 개념을 산포도라고 합니다.,산포도,295,99
177,통계자료를 비교할 때 우선 먼저 결정해야 할 사항은?,,자료 해석,통계결과 분석,통계적 분석 기법,자료수집의 체계성,용어 정의의 일관성,5,서로 다른 집단이나 기간의 통계자료를 상호 비교하기 위해서 선결되어야 할 요건은 사용하는 용어에 대한 정의를 명확히 일통하여 일관성을 갖추는 일입니다.,,,
178,나열된 수 중 최빈수는?,"31, 34, 42, 55, 15, 42, 37, 55, 42, 61, 34, 88, 97, 44, 51, 52",34,37,42,55,97,3,"주어진 자료값 중에서 '42'는 총 3회 나타나 가장 높은 빈도를 보이므로 최빈수(mode)에 해당합니다. (34는 2회, 55는 2회 출현)",최빈수,294,98
179,"진료통계의 많은 부분이 의료정보/의무기록부서에서 수집, 분석 및 이용되고 있는 것을 감안할 때 의무기록 실무자가 통계 관련, 우선적으로 해야 하는 업무는?",,통계수집,통계작성 및 처리,통계수집 및 이용,통계수집 및 분석,통계체계 확립 및 개발,5,신뢰성 있고 유용한 진료 통계 정보를 도출하고 활용하기 위해서는 원내 통계수집 체계의 확립 및 개발 업무가 최우선적으로 정립되어야 합니다.,,,
180,최초로 통계 개념으로 질병을 분류한 사람은?,,Bertillon,Captain John Graunt,De. Sauvages,Geneva,William Farr,2,17세기 영국 런던의 사망일람표를 분석하여 최초로 인구 통계학 및 질병 통계적 개념의 문서 체계를 확립한 인물은 존 그랜트(Captain John Graunt)입니다.,,,
181,일정 기간 특정 질환을 앓고 있는 사람 수를 해당 지역의 전체 인구 수로 나눈 것을 뜻하는 통계용어는?,,표본(sample),발병률(attack rate),발생률(incidence rate),이환율(morbidity rate),유병률(prevalence rate),5,특정 시점 또는 기간 동안 특정 질병을 가지고 있는 환자의 수를 해당 지역의 총 인구 수로 나누어 구하는 지표는 유병률(prevalence rate)입니다.,유병률,96,43
182,병원통계의 종류는?,,"행정통계, 질병통계","행정통계, 진료통계","진료통계, 재정통계","질병통계, 인사통계","질병통계, 수술통계",2,"병원 통계 체계는 크게 인사, 재정, 자산 등 병원의 운영에 관한 '행정통계'와 환자의 발생, 진료 실적 및 결과에 관한 '진료통계'의 두 가지 종류로 대별됩니다.",,,
183,"M병원에 처음 내원하여 환자등록, 진찰권 발급, 환자색인 작성, 의료정보/의무기록 작성 등이 진행된 경우 이 환자를 뜻하는 용어는?",,신환,구환,초진,재진,외래환자,1,해당 병원에 생애 처음으로 내원하여 고유의 인적 정보 등록 및 진찰권 발급 등의 원무 행정 절차를 거치며 신규 기록이 생성되는 환자를 신환(New Patient)이라고 합니다.,신환,120,3
184,당뇨병(DM)으로 내분비내과(endocrinology) 외래에서 처음 진료를 받은 환자는?,,신환,구환,초진,재진,외래환자,3,"병원 방문 이력과 관계없이, 특정 질병(DM)으로 인해 '특정 진료과(내분비내과)'에서 생애 최초로 진료를 개시하는 경우를 의학 통계상 초진이라고 정의합니다.",초진,122,5
185,"""원내 감염""에 대한 옳은 설명은?",,의사가 항생제 처방을 지시한 질환은 모두 해당된다.,병원 내 무균적 환경 상태에서 발생한 것만 해당된다.,입원해서부터 진료를 받는 전 과정에서 발생한 감염이다.,감염위원회에서 원내 감염이라고 판정한 경우만 해당된다.,보건의료정보관리사는 의무기록을 검토하던 중 감염이라고 판단한 경우만 해당된다.,3,원내 감염(병원체 감염)은 환자가 병원에 입원한 시점 이후부터 퇴원하기까지 진료를 받는 병원 내 전 과정 환경에서 새롭게 획득되어 발생한 감염 상태를 뜻합니다.,,,
186,소아청소년과에서 2회 이상 진료를 받은 환자는?,,신환,구환,초진,재진,외래환자,4,특정 질환이나 상병 관리를 위해 해당 진료과에서 2회 차 이상 반복하여 진료 서비스를 연이어 제공받는 환자를 재진 환자라고 합니다.,재진,123,6
187,M병원에 내원한 경험이 있는 환자가 M병원에 재차 진료를 받기 위하여 온 경우는?,,신환,구환,초진,재진,외래환자,2,과거에 해당 병원을 방문하여 환자 등록 및 진료를 받았던 이력이 있는 환자가 시간이 지나 병원을 다시 찾아온 전체 경우를 구환이라고 칭합니다.,구환,121,4
188,"""수술 후 감염""에 대한 설명으로 옳은 것은?",,수술 후 10일 이내에 감염이 생긴 경우이다.,수술 후 10일 이후에 감염이 생긴 경우이다.,수술 직후 당일에 감염이 생긴 경우만 의미한다.,수술이 원인이 되어 발생한 감염은 모두 해당된다.,수술 시작 전에 감염된 상태에서 수술한 경우에도 포함된다.,1,"병원 진료 결과 관리 기준상 수술 후 감염률 통계에 집계되는 '수술 후 감염'이란 수술 시행 후 10일 이내에 원내에서 발생한 감염만을 한정하여 뜻하며, 수술 전 기감염 상태는 제외합니다.",수술,585,47
189,일정기간 동안 한 개의 병상을 중심으로 사용자(환자)를 교체한 평균 횟수를 구하는 것은?,,병상회전율,병상가동률,병상이동률,병상감염률,병상교체율,1,일정한 분석 기간 동안 가동된 병상 1개를 평균적으로 거쳐 간 퇴원 환자의 빈도(교체 횟수)를 나타내어 이용 강도를 측정하는 지표는 병상회전율(bed turnover rate)입니다.,병상회전율(회),23,65
190,"""스윙병상""이란?",,병원 병상에 포함되지 못하는 분만실 내의 병상,"응급실, 외래환자들의 일시적 사용을 위한 병상",실제로 보유하고 있는 병상 수인 실 가동병상 수,외출이 가능한 입원환자를 위하여 보조서비스로 제공되는 병상,장기치료 병상과 융통성 있게 이용할 수 있는 병원의 급성 치료 병상,5,스윙병상(swing beds)이란 병원의 운영 효율성을 극대화하기 위해 환자 추이에 따라 장기 요양 치료 병상과 급성기 치료 병동용으로 유연하게 전형·융통하여 사용하는 가변적 급성 치료 병상을 일컫습니다.,,,
191,"""병상가동률""이란?",,기간의 말일 현재 재원 수와 총 병상 수의 비율,기간 중 재원환자 연인원수와 총 병상 수의 비율,기간 중 일일 평균퇴원환자 수와 총 병상 수의 비율,기간 중 일일 평균재원환자 수와 총 병상 수의 비율,기간 중 재원환자 연인원수와 기간 중 가동될 수 있는 총 병상 수의 비율,5,"병상가동률(이용률)은 병원이 확보하고 있는 가동 병상 중 실제 입원 환자들이 점유하여 사용한 실적 비율을 뜻하며, '재원환자 연인원수 / (총 가동병상수 × 날 수) × 100'으로 정의됩니다.",병상가동률(병상이용률),19,64
192,기술역학에서 추세변화에 대한 설명으로 옳은 것은?,,1년을 주기로 질병이 발생하는 것,수 년의 간격으로 질병의 발생이 반복되는 경우,외래감염병의 국내 침입 시에서 볼 수 있는 돌발적 유행,수십 년간을 주기로 질병의 감소 또는 증가경향을 보이는 것,"시간별, 날짜별 또는 주 단위로 질병발생 양상이 변화하는 것",4,역학에서 질병 발생의 변동 양상 중 '추세변화(Secular trend)'란 단기 주기가 아니라 최소 10년에서 수십 년 이상의 장기적인 세월에 걸쳐 질병의 유행 양상이 서서히 증감하는 경향성을 뜻합니다.,,,
193,코호트 연구방법에서 구할 수 있는 측정 도중 위험요인에 노출된 집단에서의 질병발생률에서 비노출된 집단에서의 질병발생률을 뺀 값을 나타내는 것은?,,비차비,PMI 지수,Kaup 지수,귀속위험도,비교위험도,4,"위험 요인에 노출된 집단의 질병 발생률에서 비노출 집단의 발생률을 차감하여, 해당 요인이 질병 발생에 순수하게 기여한 위험의 절대적 크기를 뜻하는 용어는 귀속위험도(기여위험도, Attributable risk)입니다.",귀속위험도(기여위험도),102,134
194,성비(sex ratio)의 설명으로 옳은 것은?,,출생 시의 성비는 보통 100이다.,2차 성비는 출생 시의 성비를 말한다.,1차 성비는 현재인구의 성비를 말한다.,3차 성비는 65세 이상 노년층의 성비를 말한다.,"여자 1,000명에 대한 남자 인구비를 나타내는 것이다.",2,"인구학적 성비 분류에서 태아의 성비는 1차 성비, 출생 시 신생아의 성비는 2차 성비, 현재 생존해 있는 상주인구 전체의 성비는 3차 성비라고 부릅니다. 성비는 통상 여자 100명당 남자 수(출생 시 약 105)로 표현됩니다.",태아,155,18
195,보건통계에서 모집단이란?,,모성집단,조화평균치,"인구 1,000명당 집단",조사 가능한 전 집합체,조사대상의 단위별 집단,4,"통계학에서 모집단(population)이란 분석가가 관찰하고 연구하고자 하는 속성을 지닌 대상 단위 전체의 총체, 즉 조사 대상이 되는 연구단위의 전 집합체를 의미합니다.",모집단,252,126
196,세계보건기구가 국가 간의 건강수준의 비교 지표를 제시한 것으로 옳은 것은?,,"조사망률, 질병발생률, 평균수명","조사망률, 영아사망률, 평균수명","비례사망지수, 조사망률, 평균수명","비례사망지수, 영아사망률, 평균수명","비례사망지수, 질병발생률, 평균수명",3,"WHO에서 규정한 종합적인 국가 간 보건 수준 및 건강 상태 비교용 3대 대표 지표는 비례사망지수(PMI), 조사망률, 그리고 평균수명입니다.",비례사망지수,85,75
197,재생산율이 1.0일 때의 인구는?,,인구증가,인구감소,알 수 없음,인구의 증감 없음,인구증가 후 감소,4,가임기 여성이 평생 낳는 여아의 수를 바탕으로 산출하는 재생산율 지표가 딱 1.0이라는 것은 부모 세대를 대체하는 자녀 세대의 인구 규모가 동일하여 인구의 외적 증감이 발생하지 않는 정체 상태를 뜻합니다.,재생산율,614,136
198,다음에서 설명하는 것은?,"• 영아 사망 중 신생아 사망이 차지하는 비중을 뜻함
• 값이 1에 가까울수록 보건 수준이 높음
• 영아사망수/신생아 사망수로 값을 표시함 (원문 산식 표기 오류 교정: 영아사망수/신생아사망수 값을 매개로 해석하는 고유 지표)",영아사망률,출생사망지수,비례사망지수,신생아사망률,알파인덱스(a-index),5,"영아 사망수와 신생아 사망수의 비율(영아사망수 / 신생아사망수)로 계산되는 알파인덱스(a-index)는 예방이 어려운 선천성 원인의 신생아 사망 비중을 간접 파악하므로, 1에 가까워질수록 감염 등 환경성 영아 사망이 적다는 의미가 되어 보건 수준이 높음을 시사합니다.",신생아사망,174,38
199,모집단이 어떤 것이라도 추출될 수 있도록 일련번호를 부여하여 무작위 추출하는 확률추출 방법은?,,계통추출법,집락추출법,층화임의추출법,단순 임의추출법,다단계 집락추출법,4,모집단 구성원 전체에 난수나 일련번호를 부여한 뒤 임의의 확률 수표 등을 적용해 아무런 주관이나 규칙적 장치 없이 완전히 무작위로 표본을 선택하는 확률 표본 추출법을 단순 임의추출법이라고 합니다.,단순무작위표본추출,256,80
200,감염병관리에 대한 보건소의 정책에 관한 만족도 조사'를 위해 지역 주민을 대상으로 다음과 같이 표본을 추출할 계획이라면 이때의 표본 추출방법은?,"• 표본 대상을 성별, 경제적 특성 등에 따라 여러 개의 부분집단으로 분류
• 지역의 구, 동 행정구역 분포에 따라 몇 개의 구역 집단으로 분류
• 표본 추출은 각 집단별로 단순임의로 추출",계통추출법,집락추출법,편의추출법,단순확률추출법,층화임의추출법,5,"모집단을 사전에 공유된 특정 속성이나 지식(성별, 지역, 특성 등)에 따라 상호 배타적인 동질적 계층(층)으로 분할한 뒤, 각 층 내부에서 독립적으로 무작위 표본을 추출하는 방식을 층화임의추출법이라고 합니다.",층화표본추출,258,81
201,지역사회의 보건수준을 평가하는 데 있어서 가장 대표적인 지표로 이용되고 있는 것은?,,실업률,평균수명,조사망률,영아사망률,감염병발생률,4,"영아사망률은 한 국가나 지역사회의 보건 의료 기술, 환경 위생, 영양 공급 및 모자 보건 수준을 가장 민감하게 즉각 반영하므로 국가 간 보건 수준 평가의 가장 대표적인 지표로 사용됩니다.",영아사망률,2,37
202,a-index에 있어서 가장 보건수준이 높은 것은?,,1에 가장 가까울 때,1 이상 2 미만일 때,2이상 3 미만일 때,3에 가장 가까울 때,3 이상일 때,1,알파인덱스(a-index = 영아 사망수 / 신생아 사망수)는 그 값이 1에 근접해 수렴할수록 출생 후 환경적 요인(예방 및 치료 가능한 질병)에 의한 영아 사망이 최소화되었음을 나타내므로 보건 수준이 가장 높은 상태를 의미합니다.,신생아사망,174,38
203,통계의 개념을 가장 잘 설명한 것은?,,관심있는 자료를 수집 후 정리해 놓은 것,자료를 검색하고 주관적인 의견을 제시하는 것,자료에 대한 정보를 제시하며 자신의 주관적 주장을 논의하는 것,자료를 계량화하여 자신의 주장과 일치하는 부분을 정리하여 전달하는 것,자료를 수집하고 분석한 결과를 과학적 판단에 의해 명확한 방향을 제시하는 것,5,"통계학이란 현상이나 관심 대상이 되는 수치적 자료를 체계적으로 수집, 정리, 요약하고, 이를 과학적 판단 기준에 근거해 분석함으로써 불확실한 사실에 대해 합리적이고 명확한 방향 정보를 도출하는 학문적 체계입니다.",과학,664,1
204,다음 설명과 관련 있는 영역은?,"• 자료를 수집, 정리하여 표나 도표를 작성
• 자료를 요약하여 대푯값 및 분포의 형태 등을 제시
• 자료의 특성을 도출하여 기본적인 숫자값을 제시
• 시각적으로 표나 도표 또는 이미지를 통해 결과를 제시",기술통계학,추측통계학,병원통계학,보건통계학,그림통계학,1,"당해 조사 대상인 표본이나 데이터 집합 자체를 체계적으로 수집, 정리, 요약하여 표, 그래프, 중심 지표(평균, 최빈값 등)로 데이터 고유의 형태학적 특성을 묘사·제시하는 분야를 기술통계학(Descriptive statistics)이라고 합니다.",기술통계학,,94
205,다음 설명과 관련 있는 통계학 영역은?,병원 내원 환자의 특성값을 이용하여 잠재 고객을 위한 고객관계관리 전략을 수립하기 위한 보고서를 만들었다.,기술통계학,추측통계학,병원통계학,보건통계학,그림통계학,2,확보된 표본 데이터의 내부 통계적 특성 지표(통계량)를 바탕으로 데이터의 원천이 되는 모집단 전체의 확률적 속성과 모수치적 특성을 논리적으로 추론·예측하고 의사결정 전략을 도출하는 분야를 추측통계학(추론통계학)이라고 합니다.,추측통계학,,117
206,"A병원의 내원 환자들에 대한 다양한 특성값(성별, 주소지, 개인 특성, 보험 등)을 표나 도표 등을 이용하여 평균, 분포 등을 나타내었다면 통계학의 분야 중 어느 영역인가?",,기술통계학,추측통계학,병원통계학,보건통계학,그림통계학,1,수집된 병원 이용 환자군의 기초 데이터 속성들을 도표화하고 산술 평균치 및 분포 곡선 등으로 단순 요약하여 가시적으로 표현하는 실무는 기술통계학 영역에 정밀하게 일치합니다.,기술통계학,,94
,,,,,,,,,,,,
,,,,,,,,,,,,
,,,,,,,,,,,,
,,,,,,,,,,,,
,,,,,,,,,,,,
,,,,,,,,,,,,
,,,,,,,,,,,,
,,,,,,,,,,,,
,,,,,,,,,,,,
,,,,,,,,,,,,
,,,,,,,,,,,,
,,,,,,,,,,,,
,,,,,,,,,,,,
,,,,,,,,,,,,
,,,,,,,,,,,,
,,,,,,,,,,,,
,,,,,,,,,,,,
,,,,,,,,,,,,
,,,,,,,,,,,,
,,,,,,,,,,,,
,,,,,,,,,,,,
,,,,,,,,,,,,
,,,,,,,,,,,,
,,,,,,,,,,,,
,,,,,,,,,,,,
,,,,,,,,,,,,
,,,,,,,,,,,,
,,,,,,,,,,,,
,,,,,,,,,,,,
,,,,,,,,,,,,
,,,,,,,,,,,,
,,,,,,,,,,,,
,,,,,,,,,,,,
,,,,,,,,,,,,
,,,,,,,,,,,,
,,,,,,,,,,,,
,,,,,,,,,,,,
,,,,,,,,,,,,
,,,,,,,,,,,,
,,,,,,,,,,,,
,,,,,,,,,,,,
,,,,,,,,,,,,
,,,,,,,,,,,,
,,,,,,,,,,,,
,,,,,,,,,,,,
,,,,,,,,,,,,
,,,,,,,,,,,,
,,,,,,,,,,,,
,,,,,,,,,,,,
,,,,,,,,,,,,
,,,,,,,,,,,,
,,,,,,,,,,,,
,,,,,,,,,,,,
,,,,,,,,,,,,
,,,,,,,,,,,,
,,,,,,,,,,,,
,,,,,,,,,,,,
,,,,,,,,,,,,
,,,,,,,,,,,,
,,,,,,,,,,,,
,,,,,,,,,,,,
,,,,,,,,,,,,
,,,,,,,,,,,,
,,,,,,,,,,,,
,,,,,,,,,,,,
,,,,,,,,,,,,
,,,,,,,,,,,,
,,,,,,,,,,,,
,,,,,,,,,,,,
,,,,,,,,,,,,
,,,,,,,,,,,,
,,,,,,,,,,,,
,,,,,,,,,,,,
,,,,,,,,,,,,
,,,,,,,,,,,,
,,,,,,,,,,,,
,,,,,,,,,,,,
,,,,,,,,,,,,
,,,,,,,,,,,,
,,,,,,,,,,,,
,,,,,,,,,,,,
,,,,,,,,,,,,
,,,,,,,,,,,,
,,,,,,,,,,,,
,,,,,,,,,,,,
,,,,,,,,,,,,
,,,,,,,,,,,,
,,,,,,,,,,,,
,,,,,,,,,,,,
,,,,,,,,,,,,
,,,,,,,,,,,,
,,,,,,,,,,,,
,,,,,,,,,,,,
,,,,,,,,,,,,
,,,,,,,,,,,,
,,,,,,,,,,,,
,,,,,,,,,,,,
,,,,,,,,,,,,
,,,,,,,,,,,,
,,,,,,,,,,,,
,,,,,,,,,,,,
,,,,,,,,,,,,
,,,,,,,,,,,,
,,,,,,,,,,,,
,,,,,,,,,,,,
,,,,,,,,,,,,
,,,,,,,,,,,,
,,,,,,,,,,,,
,,,,,,,,,,,,
,,,,,,,,,,,,
,,,,,,,,,,,,
,,,,,,,,,,,,
,,,,,,,,,,,,
,,,,,,,,,,,,
,,,,,,,,,,,,
,,,,,,,,,,,,
,,,,,,,,,,,,
,,,,,,,,,,,,
,,,,,,,,,,,,
,,,,,,,,,,,,
,,,,,,,,,,,,
,,,,,,,,,,,,
,,,,,,,,,,,,
,,,,,,,,,,,,
,,,,,,,,,,,,
,,,,,,,,,,,,
,,,,,,,,,,,,
,,,,,,,,,,,,
,,,,,,,,,,,,
,,,,,,,,,,,,
,,,,,,,,,,,,
,,,,,,,,,,,,
,,,,,,,,,,,,
,,,,,,,,,,,,
,,,,,,,,,,,,
,,,,,,,,,,,,
,,,,,,,,,,,,
,,,,,,,,,,,,
,,,,,,,,,,,,
,,,,,,,,,,,,
,,,,,,,,,,,,
,,,,,,,,,,,,
,,,,,,,,,,,,
,,,,,,,,,,,,
,,,,,,,,,,,,
,,,,,,,,,,,,
,,,,,,,,,,,,
,,,,,,,,,,,,
,,,,,,,,,,,,
,,,,,,,,,,,,
,,,,,,,,,,,,
,,,,,,,,,,,,
,,,,,,,,,,,,
,,,,,,,,,,,,
,,,,,,,,,,,,
,,,,,,,,,,,,
,,,,,,,,,,,,
,,,,,,,,,,,,
,,,,,,,,,,,,
,,,,,,,,,,,,
,,,,,,,,,,,,
,,,,,,,,,,,,
,,,,,,,,,,,,
,,,,,,,,,,,,
,,,,,,,,,,,,
,,,,,,,,,,,,
,,,,,,,,,,,,
,,,,,,,,,,,,
,,,,,,,,,,,,
,,,,,,,,,,,,
,,,,,,,,,,,,
,,,,,,,,,,,,
,,,,,,,,,,,,
,,,,,,,,,,,,
,,,,,,,,,,,,
,,,,,,,,,,,,
,,,,,,,,,,,,
,,,,,,,,,,,,
,,,,,,,,,,,,
,,,,,,,,,,,,
,,,,,,,,,,,,
,,,,,,,,,,,,
,,,,,,,,,,,,
,,,,,,,,,,,,
,,,,,,,,,,,,
,,,,,,,,,,,,
,,,,,,,,,,,,
,,,,,,,,,,,,
,,,,,,,,,,,,
,,,,,,,,,,,,
,,,,,,,,,,,,
,,,,,,,,,,,,
,,,,,,,,,,,,
,,,,,,,,,,,,
,,,,,,,,,,,,
,,,,,,,,,,,,
,,,,,,,,,,,,
,,,,,,,,,,,,
,,,,,,,,,,,,
,,,,,,,,,,,,
,,,,,,,,,,,,
,,,,,,,,,,,,
,,,,,,,,,,,,
,,,,,,,,,,,,
,,,,,,,,,,,,
,,,,,,,,,,,,
,,,,,,,,,,,,
,,,,,,,,,,,,
,,,,,,,,,,,,
,,,,,,,,,,,,
,,,,,,,,,,,,
,,,,,,,,,,,,
,,,,,,,,,,,,
,,,,,,,,,,,,
,,,,,,,,,,,,
,,,,,,,,,,,,
,,,,,,,,,,,,
,,,,,,,,,,,,
,,,,,,,,,,,,
,,,,,,,,,,,,
,,,,,,,,,,,,
,,,,,,,,,,,,
,,,,,,,,,,,,
,,,,,,,,,,,,
,,,,,,,,,,,,
,,,,,,,,,,,,
,,,,,,,,,,,,
,,,,,,,,,,,,
,,,,,,,,,,,,
,,,,,,,,,,,,
,,,,,,,,,,,,
,,,,,,,,,,,,
,,,,,,,,,,,,
,,,,,,,,,,,,
,,,,,,,,,,,,
,,,,,,,,,,,,
,,,,,,,,,,,,
,,,,,,,,,,,,
,,,,,,,,,,,,
,,,,,,,,,,,,
,,,,,,,,,,,,
,,,,,,,,,,,,
,,,,,,,,,,,,
,,,,,,,,,,,,
,,,,,,,,,,,,
,,,,,,,,,,,,
,,,,,,,,,,,,
,,,,,,,,,,,,
,,,,,,,,,,,,
,,,,,,,,,,,,
,,,,,,,,,,,,
,,,,,,,,,,,,
,,,,,,,,,,,,
,,,,,,,,,,,,
,,,,,,,,,,,,
,,,,,,,,,,,,
,,,,,,,,,,,,
,,,,,,,,,,,,
,,,,,,,,,,,,
,,,,,,,,,,,,
,,,,,,,,,,,,
,,,,,,,,,,,,
,,,,,,,,,,,,
,,,,,,,,,,,,
,,,,,,,,,,,,
,,,,,,,,,,,,
,,,,,,,,,,,,
,,,,,,,,,,,,
,,,,,,,,,,,,
,,,,,,,,,,,,
,,,,,,,,,,,,
,,,,,,,,,,,,
,,,,,,,,,,,,
,,,,,,,,,,,,
,,,,,,,,,,,,
,,,,,,,,,,,,
,,,,,,,,,,,,
,,,,,,,,,,,,
,,,,,,,,,,,,
,,,,,,,,,,,,
,,,,,,,,,,,,
,,,,,,,,,,,,
,,,,,,,,,,,,
,,,,,,,,,,,,
,,,,,,,,,,,,
,,,,,,,,,,,,
,,,,,,,,,,,,
,,,,,,,,,,,,
,,,,,,,,,,,,
,,,,,,,,,,,,
,,,,,,,,,,,,
,,,,,,,,,,,,
,,,,,,,,,,,,
,,,,,,,,,,,,
,,,,,,,,,,,,
,,,,,,,,,,,,
,,,,,,,,,,,,
,,,,,,,,,,,,
,,,,,,,,,,,,
,,,,,,,,,,,,
,,,,,,,,,,,,
,,,,,,,,,,,,
,,,,,,,,,,,,
,,,,,,,,,,,,
,,,,,,,,,,,,
,,,,,,,,,,,,
,,,,,,,,,,,,
,,,,,,,,,,,,
,,,,,,,,,,,,
,,,,,,,,,,,,
,,,,,,,,,,,,
,,,,,,,,,,,,
,,,,,,,,,,,,
,,,,,,,,,,,,
,,,,,,,,,,,,
,,,,,,,,,,,,
,,,,,,,,,,,,
,,,,,,,,,,,,
,,,,,,,,,,,,
,,,,,,,,,,,,
,,,,,,,,,,,,
,,,,,,,,,,,,
,,,,,,,,,,,,
,,,,,,,,,,,,
,,,,,,,,,,,,
,,,,,,,,,,,,
,,,,,,,,,,,,
,,,,,,,,,,,,
,,,,,,,,,,,,
,,,,,,,,,,,,
,,,,,,,,,,,,
,,,,,,,,,,,,
,,,,,,,,,,,,
,,,,,,,,,,,,
,,,,,,,,,,,,
,,,,,,,,,,,,
,,,,,,,,,,,,
,,,,,,,,,,,,
,,,,,,,,,,,,
,,,,,,,,,,,,
,,,,,,,,,,,,
,,,,,,,,,,,,
,,,,,,,,,,,,
,,,,,,,,,,,,
,,,,,,,,,,,,
,,,,,,,,,,,,
,,,,,,,,,,,,
,,,,,,,,,,,,
,,,,,,,,,,,,
,,,,,,,,,,,,
,,,,,,,,,,,,
,,,,,,,,,,,,
,,,,,,,,,,,,
,,,,,,,,,,,,
,,,,,,,,,,,,
,,,,,,,,,,,,
,,,,,,,,,,,,
,,,,,,,,,,,,
,,,,,,,,,,,,
,,,,,,,,,,,,
,,,,,,,,,,,,
,,,,,,,,,,,,
,,,,,,,,,,,,
,,,,,,,,,,,,
,,,,,,,,,,,,
,,,,,,,,,,,,
,,,,,,,,,,,,
,,,,,,,,,,,,
,,,,,,,,,,,,
,,,,,,,,,,,,
,,,,,,,,,,,,
,,,,,,,,,,,,
,,,,,,,,,,,,
,,,,,,,,,,,,
,,,,,,,,,,,,
,,,,,,,,,,,,
,,,,,,,,,,,,
,,,,,,,,,,,,
,,,,,,,,,,,,
,,,,,,,,,,,,
,,,,,,,,,,,,
,,,,,,,,,,,,
,,,,,,,,,,,,
,,,,,,,,,,,,
,,,,,,,,,,,,
,,,,,,,,,,,,
,,,,,,,,,,,,
,,,,,,,,,,,,
,,,,,,,,,,,,
,,,,,,,,,,,,
,,,,,,,,,,,,
,,,,,,,,,,,,
,,,,,,,,,,,,
,,,,,,,,,,,,
,,,,,,,,,,,,
,,,,,,,,,,,,
,,,,,,,,,,,,
,,,,,,,,,,,,
,,,,,,,,,,,,
,,,,,,,,,,,,
,,,,,,,,,,,,
,,,,,,,,,,,,
,,,,,,,,,,,,
,,,,,,,,,,,,
,,,,,,,,,,,,
,,,,,,,,,,,,
,,,,,,,,,,,,
,,,,,,,,,,,,
,,,,,,,,,,,,
,,,,,,,,,,,,
,,,,,,,,,,,,
,,,,,,,,,,,,
,,,,,,,,,,,,
,,,,,,,,,,,,
,,,,,,,,,,,,
,,,,,,,,,,,,
,,,,,,,,,,,,
,,,,,,,,,,,,
,,,,,,,,,,,,
,,,,,,,,,,,,
,,,,,,,,,,,,
,,,,,,,,,,,,
,,,,,,,,,,,,
,,,,,,,,,,,,
,,,,,,,,,,,,
,,,,,,,,,,,,
,,,,,,,,,,,,
,,,,,,,,,,,,
,,,,,,,,,,,,
,,,,,,,,,,,,
,,,,,,,,,,,,
,,,,,,,,,,,,
,,,,,,,,,,,,
,,,,,,,,,,,,
,,,,,,,,,,,,
,,,,,,,,,,,,
,,,,,,,,,,,,
,,,,,,,,,,,,
,,,,,,,,,,,,
,,,,,,,,,,,,
,,,,,,,,,,,,
,,,,,,,,,,,,
,,,,,,,,,,,,
,,,,,,,,,,,,
,,,,,,,,,,,,
,,,,,,,,,,,,
,,,,,,,,,,,,
,,,,,,,,,,,,
,,,,,,,,,,,,
,,,,,,,,,,,,
,,,,,,,,,,,,
,,,,,,,,,,,,
,,,,,,,,,,,,
,,,,,,,,,,,,
,,,,,,,,,,,,
,,,,,,,,,,,,
,,,,,,,,,,,,
,,,,,,,,,,,,
,,,,,,,,,,,,
,,,,,,,,,,,,
,,,,,,,,,,,,
,,,,,,,,,,,,
,,,,,,,,,,,,
,,,,,,,,,,,,
,,,,,,,,,,,,
,,,,,,,,,,,,
,,,,,,,,,,,,
,,,,,,,,,,,,
,,,,,,,,,,,,
,,,,,,,,,,,,
,,,,,,,,,,,,
,,,,,,,,,,,,
,,,,,,,,,,,,
,,,,,,,,,,,,
,,,,,,,,,,,,
,,,,,,,,,,,,
,,,,,,,,,,,,
,,,,,,,,,,,,
,,,,,,,,,,,,
,,,,,,,,,,,,
,,,,,,,,,,,,
,,,,,,,,,,,,
,,,,,,,,,,,,
,,,,,,,,,,,,
,,,,,,,,,,,,
,,,,,,,,,,,,
,,,,,,,,,,,,
,,,,,,,,,,,,
,,,,,,,,,,,,
,,,,,,,,,,,,
,,,,,,,,,,,,
,,,,,,,,,,,,
,,,,,,,,,,,,
,,,,,,,,,,,,
,,,,,,,,,,,,
,,,,,,,,,,,,
,,,,,,,,,,,,
,,,,,,,,,,,,
,,,,,,,,,,,,
,,,,,,,,,,,,
,,,,,,,,,,,,
,,,,,,,,,,,,
,,,,,,,,,,,,
,,,,,,,,,,,,
,,,,,,,,,,,,
,,,,,,,,,,,,
,,,,,,,,,,,,
,,,,,,,,,,,,
,,,,,,,,,,,,
,,,,,,,,,,,,
,,,,,,,,,,,,
,,,,,,,,,,,,
,,,,,,,,,,,,
,,,,,,,,,,,,
,,,,,,,,,,,,
,,,,,,,,,,,,
,,,,,,,,,,,,
,,,,,,,,,,,,
,,,,,,,,,,,,
,,,,,,,,,,,,
,,,,,,,,,,,,
,,,,,,,,,,,,
,,,,,,,,,,,,
,,,,,,,,,,,,
,,,,,,,,,,,,
,,,,,,,,,,,,
,,,,,,,,,,,,
,,,,,,,,,,,,
,,,,,,,,,,,,
,,,,,,,,,,,,
,,,,,,,,,,,,
,,,,,,,,,,,,
,,,,,,,,,,,,
,,,,,,,,,,,,
,,,,,,,,,,,,
,,,,,,,,,,,,
,,,,,,,,,,,,
,,,,,,,,,,,,
,,,,,,,,,,,,
,,,,,,,,,,,,
,,,,,,,,,,,,
,,,,,,,,,,,,
,,,,,,,,,,,,
,,,,,,,,,,,,
,,,,,,,,,,,,
,,,,,,,,,,,,
,,,,,,,,,,,,
,,,,,,,,,,,,
,,,,,,,,,,,,
,,,,,,,,,,,,
,,,,,,,,,,,,
,,,,,,,,,,,,
,,,,,,,,,,,,
,,,,,,,,,,,,
,,,,,,,,,,,,
,,,,,,,,,,,,
,,,,,,,,,,,,
,,,,,,,,,,,,
,,,,,,,,,,,,
,,,,,,,,,,,,
,,,,,,,,,,,,
,,,,,,,,,,,,
,,,,,,,,,,,,
,,,,,,,,,,,,
,,,,,,,,,,,,
,,,,,,,,,,,,
,,,,,,,,,,,,
,,,,,,,,,,,,
,,,,,,,,,,,,
,,,,,,,,,,,,
,,,,,,,,,,,,
,,,,,,,,,,,,
,,,,,,,,,,,,
,,,,,,,,,,,,
,,,,,,,,,,,,
,,,,,,,,,,,,
,,,,,,,,,,,,
,,,,,,,,,,,,
,,,,,,,,,,,,
,,,,,,,,,,,,
,,,,,,,,,,,,
,,,,,,,,,,,,
,,,,,,,,,,,,
,,,,,,,,,,,,
,,,,,,,,,,,,
,,,,,,,,,,,,
,,,,,,,,,,,,
,,,,,,,,,,,,
,,,,,,,,,,,,
,,,,,,,,,,,,
,,,,,,,,,,,,
,,,,,,,,,,,,
,,,,,,,,,,,,
,,,,,,,,,,,,
,,,,,,,,,,,,
,,,,,,,,,,,,
,,,,,,,,,,,,
,,,,,,,,,,,,
,,,,,,,,,,,,
,,,,,,,,,,,,
,,,,,,,,,,,,
,,,,,,,,,,,,
,,,,,,,,,,,,
,,,,,,,,,,,,
,,,,,,,,,,,,
,,,,,,,,,,,,
,,,,,,,,,,,,
,,,,,,,,,,,,
,,,,,,,,,,,,
,,,,,,,,,,,,
,,,,,,,,,,,,
,,,,,,,,,,,,
,,,,,,,,,,,,
,,,,,,,,,,,,
,,,,,,,,,,,,
,,,,,,,,,,,,
,,,,,,,,,,,,
,,,,,,,,,,,,
,,,,,,,,,,,,
,,,,,,,,,,,,
,,,,,,,,,,,,
,,,,,,,,,,,,
,,,,,,,,,,,,
,,,,,,,,,,,,
,,,,,,,,,,,,
,,,,,,,,,,,,
,,,,,,,,,,,,
,,,,,,,,,,,,
,,,,,,,,,,,,
,,,,,,,,,,,,
,,,,,,,,,,,,
,,,,,,,,,,,,
,,,,,,,,,,,,
,,,,,,,,,,,,
,,,,,,,,,,,,
,,,,,,,,,,,,
,,,,,,,,,,,,
,,,,,,,,,,,,
,,,,,,,,,,,,
,,,,,,,,,,,,
,,,,,,,,,,,,
,,,,,,,,,,,,
,,,,,,,,,,,,
,,,,,,,,,,,,
,,,,,,,,,,,,
,,,,,,,,,,,,
,,,,,,,,,,,,
,,,,,,,,,,,,
,,,,,,,,,,,,
,,,,,,,,,,,,
,,,,,,,,,,,,
,,,,,,,,,,,,
,,,,,,,,,,,,
,,,,,,,,,,,,
,,,,,,,,,,,,
,,,,,,,,,,,,
,,,,,,,,,,,,
,,,,,,,,,,,,
,,,,,,,,,,,,
,,,,,,,,,,,,
,,,,,,,,,,,,
,,,,,,,,,,,,
,,,,,,,,,,,,
,,,,,,,,,,,,
,,,,,,,,,,,,
,,,,,,,,,,,,
,,,,,,,,,,,,
,,,,,,,,,,,,
,,,,,,,,,,,,
,,,,,,,,,,,,
,,,,,,,,,,,,
,,,,,,,,,,,,
,,,,,,,,,,,,
,,,,,,,,,,,,
,,,,,,,,,,,,
,,,,,,,,,,,,
,,,,,,,,,,,,
,,,,,,,,,,,,
,,,,,,,,,,,,
,,,,,,,,,,,,
,,,,,,,,,,,,
,,,,,,,,,,,,
,,,,,,,,,,,,
,,,,,,,,,,,,
,,,,,,,,,,,,
,,,,,,,,,,,,
,,,,,,,,,,,,
,,,,,,,,,,,,
,,,,,,,,,,,,
,,,,,,,,,,,,
,,,,,,,,,,,,
,,,,,,,,,,,,
,,,,,,,,,,,,
,,,,,,,,,,,,
,,,,,,,,,,,,
,,,,,,,,,,,,
,,,,,,,,,,,,
,,,,,,,,,,,,
,,,,,,,,,,,,
,,,,,,,,,,,,
,,,,,,,,,,,,
,,,,,,,,,,,,
,,,,,,,,,,,,
,,,,,,,,,,,,
,,,,,,,,,,,,
,,,,,,,,,,,,
,,,,,,,,,,,,
,,,,,,,,,,,,
,,,,,,,,,,,,
,,,,,,,,,,,,
,,,,,,,,,,,,
,,,,,,,,,,,,
,,,,,,,,,,,,
,,,,,,,,,,,,
,,,,,,,,,,,,
,,,,,,,,,,,,
,,,,,,,,,,,,
,,,,,,,,,,,,
,,,,,,,,,,,,
,,,,,,,,,,,,
,,,,,,,,,,,,
,,,,,,,,,,,,
,,,,,,,,,,,,
,,,,,,,,,,,,
,,,,,,,,,,,,
,,,,,,,,,,,,
,,,,,,,,,,,,
,,,,,,,,,,,,
,,,,,,,,,,,,
,,,,,,,,,,,,
,,,,,,,,,,,,
,,,,,,,,,,,,
,,,,,,,,,,,,
,,,,,,,,,,,,
,,,,,,,,,,,,
,,,,,,,,,,,,
,,,,,,,,,,,,
,,,,,,,,,,,,
,,,,,,,,,,,,
,,,,,,,,,,,,
,,,,,,,,,,,,
,,,,,,,,,,,,
,,,,,,,,,,,,
,,,,,,,,,,,,
,,,,,,,,,,,,
,,,,,,,,,,,,
,,,,,,,,,,,,
,,,,,,,,,,,,
,,,,,,,,,,,,
,,,,,,,,,,,,
,,,,,,,,,,,,
,,,,,,,,,,,,
,,,,,,,,,,,,
,,,,,,,,,,,,
,,,,,,,,,,,,
,,,,,,,,,,,,
,,,,,,,,,,,,
,,,,,,,,,,,,
,,,,,,,,,,,,
,,,,,,,,,,,,
,,,,,,,,,,,,
,,,,,,,,,,,,
,,,,,,,,,,,,
,,,,,,,,,,,,
,,,,,,,,,,,,
,,,,,,,,,,,,
,,,,,,,,,,,,
,,,,,,,,,,,,
,,,,,,,,,,,,
,,,,,,,,,,,,
,,,,,,,,,,,,
,,,,,,,,,,,,
,,,,,,,,,,,,
,,,,,,,,,,,,
,,,,,,,,,,,,
,,,,,,,,,,,,
,,,,,,,,,,,,
,,,,,,,,,,,,
,,,,,,,,,,,,
,,,,,,,,,,,,
,,,,,,,,,,,,
,,,,,,,,,,,,
,,,,,,,,,,,,
,,,,,,,,,,,,
,,,,,,,,,,,,
,,,,,,,,,,,,
,,,,,,,,,,,,
,,,,,,,,,,,,
,,,,,,,,,,,,
,,,,,,,,,,,,
,,,,,,,,,,,,
,,,,,,,,,,,,
,,,,,,,,,,,,
